0	3110 Mary Forge Suite 065, Port Sarah, KY 77260
1	17545 Latoya Estate, East Emily, IL 11377
2	USNS Solis, FPO AA 13761
3	775 Smith Spurs, Hayesmouth, LA 09012
4	7412 Gilbert Forks Suite 846, South Seanchester, ID 11052
5	43711 Sarah Viaduct Suite 189, Monicahaven, DC 99681
6	1671 Heather Way Apt. 847, Lake Andrea, NY 60535
7	5404 Jeremy Springs Apt. 691, Jacobsonmouth, NV 20846
8	42972 Campbell Plaza Suite 946, East Daniel, GU 55415
9	0104 Silva Shoal, Robertsside, MT 90346
10	USNS Mora, FPO AA 58883
11	6481 Fowler Roads Apt. 488, Meganton, CT 05592
12	14326 Keith Loop, Desireefort, MS 32420
13	0323 Jean Flat Apt. 895, Michaelstad, ID 23053
14	Unit 3907 Box 7655, DPO AA 26052
15	533 Kristy Ferry Suite 192, Rachelville, AZ 86204
16	625 Gray Freeway, Carpenterside, AL 44317
17	3003 Lam Flats, South Laurenfurt, SC 37952
18	PSC 9292, Box 9239, APO AP 67558
19	979 Duane Hollow Apt. 288, Smithberg, WA 71513
20	00885 Bruce Common, Lake Jasmine, OK 17328
21	658 Brandi Drives, Brandonmouth, NC 49515
22	1138 Atkinson Loaf Apt. 112, Amberfort, UT 76226
23	675 Margaret Parkway Suite 555, Lake Michelle, NV 22939
24	736 Smith Ramp, Bradfordfurt, OK 70084
25	248 Sheppard Trail Apt. 372, Joshuabury, TN 58235
26	1432 Gomez Wells Apt. 335, Danielhaven, GA 61208
27	Unit 8242 Box 5817, DPO AE 87809
28	26339 Taylor Expressway, Danielview, HI 85177
29	Unit 9857 Box 0358, DPO AP 04241
30	812 Cassandra Land Apt. 975, New Stephaniefort, WV 63530
31	82984 Stout Highway Apt. 739, North Mariahaven, WV 43584
32	870 Bradley Centers Suite 286, Port Darryl, LA 53965
33	456 Anthony Mountains, South Shelley, AR 45134
34	71596 Susan Vista Apt. 473, West Matthewberg, DC 80011
35	56736 Peter Place, Gatesburgh, CO 19635
36	60589 David Cliff Suite 467, West Davidfurt, ND 29804
37	3497 Daniel Knolls, New Mirandahaven, NH 23757
38	18745 Jennings Hills, Wallfurt, NJ 72379
39	3667 Dennis Crossing Suite 519, East Jillmouth, OR 66242
40	4181 Murphy Meadows Apt. 190, Lake Anthony, NC 23223
41	98584 Williams Courts Apt. 748, Lake Laurenborough, NV 12785
42	2680 Curtis Islands Suite 965, North Mark, SC 00937
43	01004 Joshua Trace, Robertsport, FM 48490
44	6959 Nicholas Freeway, Port Michael, MO 55930
45	USS Roberts, FPO AA 80886
46	USNS Stevens, FPO AP 14938
47	9161 Sara Manors Apt. 942, West Ginahaven, CT 59891
48	Unit 9512 Box 7217, DPO AA 91196
49	42924 Reyes View, East Karen, FM 82316
50	59252 Wright Tunnel Apt. 701, Collinsfurt, WV 23833
51	8500 Wallace Heights, Gregorytown, AL 23093
52	120 Howard Street, New Annaview, NY 39986
53	181 Austin Creek, New Garymouth, KY 38479
54	4936 Mitchell Squares, West Josehaven, FM 35294
55	32353 Woodward Mall, Port Susanmouth, DC 63644
56	6411 Garza Club Suite 540, South Patriciahaven, VT 15749
57	6165 Taylor Fords Apt. 552, Mahoneyshire, CA 47729
58	05240 Anna Courts, Tylermouth, NY 87305
59	7555 Christina Alley, Lake Jamesland, VA 21215
60	51018 Deborah Plain, Waltertown, TN 45279
61	8846 Curry Coves Apt. 220, West Jasminland, OR 82275
62	5470 Lisa Land Suite 279, Greenburgh, TN 22163
63	388 Stephanie Forks Apt. 524, Debbieville, PA 05758
64	628 Olson Pass, Turnerberg, OR 31719
65	4780 Coleman Station, West Michael, IA 66790
66	72031 Knight Union Apt. 196, Simmonsview, NM 14636
67	2249 Brandon Freeway Apt. 684, West Anthonyberg, MI 13324
68	83162 Sandra Centers, Brooksmouth, IA 64368
69	PSC 7379, Box 7780, APO AE 87919
70	517 Timothy Motorway, Tiffanyburgh, MD 50170
71	963 Kelsey Ville, North Jamesborough, AR 41393
72	640 Timothy Circle Apt. 823, East Robyn, DC 09779
73	88678 Bailey Square, New Molly, HI 59100
74	0016 Michael Knolls, Reedstad, UT 31885
75	107 Margaret Rapids Suite 064, Sherrimouth, AS 17368
76	81309 Kline Bypass Suite 660, South Jamieberg, IN 93505
77	614 Robert Locks Apt. 431, Norriston, KY 14996
78	61419 Romero Summit Suite 727, Holmesstad, NC 55650
79	PSC 9546, Box 9237, APO AA 03627
80	28966 Sparks Mall Apt. 632, Frazierfort, WI 56636
81	348 James Parkways Apt. 860, Jennafurt, MP 28146
82	23310 Megan Plains Apt. 131, Port Bethbury, AS 41197
83	Unit 9889 Box 6126, DPO AE 01574
84	03058 Victoria Turnpike Suite 796, Kiarabury, WY 16882
85	25014 Marcus Terrace Apt. 946, West Erin, SC 36181
86	1808 Johnson Spring, East Albert, ND 07182
87	39001 Turner Dale Suite 949, Pottsshire, MT 07641
88	4556 Vaughan Passage, Grayfort, TX 72488
89	7153 Pena Isle, Lake Cheryltown, MT 08048
90	3759 Hughes Mall, Kevinville, MT 27436
91	3249 Huynh Oval, South Hannahview, FL 32486
92	6430 Banks Viaduct, Robinsonstad, MA 41434
93	82477 James Lane, Walterton, WI 30583
94	07254 Richardson Common Suite 275, Garciafort, CO 47068
95	58982 Johnson Forge, South Autumn, WI 84818
96	5411 Smith Track, Lake Wendy, SC 71222
97	703 Courtney Land, Castillobury, NC 48369
98	2141 Stevenson Manors, South Kennethchester, WV 11932
99	52732 Robert Pine Apt. 879, South Alicia, WY 28616
100	3403 Smith Port, Audreyshire, OR 68343
101	9148 William Shoals, Port Andrew, AS 68533
102	77947 Steven Forest, Schmidtbury, AK 61403
103	9454 Rios Center, North Pam, CO 56494
104	002 Jason Expressway, Stevensonberg, VI 21973
105	0864 Norris Rest Apt. 831, North Veronica, UT 42604
106	Unit 1526 Box 4523, DPO AP 59929
107	383 Ramirez Loop Apt. 446, Chadview, MN 98060
108	23124 Steven Crescent, Lynnton, MP 20543
109	USS White, FPO AP 77690
110	35167 Miller Prairie Apt. 359, New Jennifer, WI 44989
111	1802 Mitchell Estate Suite 823, New Yvonneshire, WA 80465
112	497 Smith Field, South Robertport, OK 43210
113	37832 Adrian Road Suite 396, East Jessicahaven, MP 18275
114	2568 Davidson Dam, East Joshuatown, MN 84244
115	4392 Lynn Circle Apt. 151, Knightmouth, AR 40981
116	3507 Thompson Meadows, Jakemouth, ME 50347
117	764 Perez Track Apt. 625, Karaborough, WV 39224
118	9098 Hoffman Gardens, Vargasberg, FL 11175
119	PSC 6555, Box 0406, APO AA 85977
120	2944 Bryant Bridge, Scottview, NY 93907
121	42810 Jason Falls Suite 366, Lake Jared, AR 87260
122	6343 Eric Grove Apt. 888, Timothystad, FL 12396
123	78072 Denise Key Apt. 839, Jimenezchester, CT 08561
124	3911 Rachel Light Suite 528, West Charlesland, ND 70046
125	4196 Jorge Divide Suite 238, Deborahland, NJ 79508
126	USCGC Combs, FPO AE 61697
127	9669 Ortiz Groves, West Valerie, AK 53678
128	13479 Zimmerman Pine Apt. 713, Joseport, MA 64177
129	0424 Hayley Glen, Ellisonview, CO 16515
130	95192 Hernandez Rue, Petersonport, TX 59310
131	8646 Gilbert Shores Suite 151, Port Jennifer, WV 21987
132	752 Joshua Field, West Melissa, SD 87151
133	8979 George Greens Apt. 825, New Laurenside, WY 94885
134	3497 Derek Court Apt. 651, Tranhaven, LA 46873
135	53773 Lucero Oval, Frenchside, WY 10263
136	8724 Glenn Falls, Ryantown, WV 02007
137	431 Johnson Rapid Apt. 530, East Rickland, WI 40077
138	8530 Coleman Crescent, Marcusville, NE 32465
139	750 Felicia Dale Apt. 777, Ryanfurt, ND 66474
140	USNV Foster, FPO AA 49408
141	55329 Miller Landing, West Kylechester, OR 20463
142	0843 James Crest Apt. 433, Dawnside, AZ 92163
143	739 Farmer Station, Melissaville, AL 91974
144	3149 Brewer Street Apt. 531, Lake Martha, ID 86396
145	PSC 4835, Box 9188, APO AE 56420
146	Unit 2579 Box 9774, DPO AA 65281
147	689 Jeffery Drive Suite 915, Jonesmouth, OK 32196
148	19648 Destiny Cove Apt. 201, Port Robertside, PA 88529
149	0632 French Islands, Barrerachester, AL 89160
150	097 Amy Drive Suite 346, New Kimberly, WA 94926
151	335 Murray Port Suite 742, West Stephanie, NH 44035
152	2404 Joseph Course, Markville, AK 21708
153	884 Alejandro Fall, South Kirsten, WA 93992
154	0140 Robert Throughway Apt. 491, East Michael, RI 53766
155	4506 Chelsea Wall Suite 294, Seanshire, CT 13496
156	331 Lewis Trafficway Suite 143, Port Joshualand, WI 25128
157	14402 Terry Meadow, Carlosside, IA 24725
158	57880 Williams Vista, Chadmouth, HI 68579
159	914 Lisa Glens Suite 115, Elizabethfurt, IA 87803
160	0986 Dunlap Course Suite 595, Romeroberg, NJ 44047
161	714 Morgan Plains Suite 192, East Charles, MD 96824
162	0151 Ramos Tunnel Suite 017, North Sarahfurt, MA 17264
163	187 Moore Lakes, Andrewbury, NV 88613
164	2972 Bailey Knolls, Bryanland, RI 91993
165	53419 Steven Mountain Suite 007, Phillipland, RI 69083
166	8765 Mendoza Springs, Wangton, RI 65389
167	27119 Choi Island Suite 508, Christineshire, LA 69677
168	0895 Finley Drives Suite 696, Penningtonbury, CO 82030
169	084 Deanna Stravenue, Ronaldbury, DE 36439
170	9378 Stacey Street, Jameschester, KS 52427
171	30584 Adam Island, Carlosborough, IA 21595
172	668 Karen Knoll Apt. 541, Lake Karen, OR 15063
173	2616 White Centers, Traceyshire, NM 71928
174	3175 Justin Springs Suite 631, South Andrew, AK 42749
175	71591 Julia Path, Raymondberg, OH 62494
176	23527 Jackson Locks, Davisbury, MO 64569
177	052 Cook Crescent Apt. 210, Staceyfurt, KS 54972
178	31396 Frank Ways Apt. 726, Mariechester, NJ 17561
179	25654 Nina Views Apt. 595, Jonesland, ME 06125
180	376 Cline Rapid, Jamesberg, MD 71832
181	18480 April Courts, New Brian, ND 56758
182	047 Laura Haven, East Brittney, NH 78344
183	Unit 7293 Box 5728, DPO AE 60692
184	611 Michael Ports Suite 120, Port Melanieburgh, FL 02278
185	10318 Jacob Island, Davidview, PA 38129
186	5080 Hensley Locks Apt. 753, Jennastad, LA 23402
187	2009 Rocha Circle Apt. 539, South Garrett, CO 89743
188	020 Martin Springs Suite 903, Cherylville, WA 25148
189	078 Turner Inlet Apt. 296, Harmonberg, WI 17360
190	81246 May Extension Suite 685, Wangport, WY 62351
191	308 Herrera Inlet Apt. 727, Priceborough, TN 29609
192	69085 Randall Course Apt. 946, Amandaland, RI 14070
193	54380 Darius Circles, Mcculloughberg, HI 44823
194	595 Anthony Key Apt. 890, Deannaberg, WY 31809
195	9209 Ryan Square Apt. 145, Lake Stacyport, IA 57310
196	2730 Barry Manor Apt. 384, Maryhaven, AS 10992
197	399 Giles Circles Suite 059, New Nancy, DE 15985
198	Unit 5833 Box 8055, DPO AP 64516
199	837 Trevino Orchard Apt. 619, North Jill, SC 43784
200	3790 Thompson Cape, Johnsonfurt, FM 49941
201	450 Allen Overpass, Rogersshire, MH 66385
202	1781 Donald Pines, Zacharybury, CO 51035
203	48454 Rebecca Junctions Suite 222, South Lisastad, PR 60681
204	4844 Gomez Courts Suite 102, Ruizhaven, SC 73453
205	529 Vargas Avenue, New Kimberly, CA 87429
206	97705 Clark Turnpike, Juliatown, OR 75382
207	44226 Charles Plains Suite 070, Jasonview, AL 62837
208	PSC 3611, Box 8295, APO AA 51319
209	Unit 6980 Box 4453, DPO AA 80072
210	238 Richard Land, Wilsonmouth, SC 01237
211	16797 Smith Green Suite 867, Melissafort, AR 67680
212	PSC 3066, Box 5360, APO AE 62477
213	USNV Clark, FPO AA 51215
214	0308 Brown Field, New Katelynhaven, MH 11339
215	233 Walker Landing Apt. 670, Paulton, MS 29253
216	3155 James Plaza, New Tracy, MS 30363
217	76483 Pierce Bridge Suite 634, East Billyfort, NH 15529
218	184 Mcbride Points, Cameronland, MS 66821
219	241 Karen Street, Skinnerbury, OH 54250
220	30135 Taylor Place, Mathewberg, KY 16378
221	647 Nicole Hills Apt. 300, South Frederick, PA 91305
222	217 Roberto Pass, South Rachelstad, DC 25246
223	346 Rogers Lodge Suite 508, Andreachester, ME 17334
224	3090 Bradshaw Cliffs Apt. 132, Adkinsmouth, GA 92860
225	6228 Jasmin Estate, Georgeville, RI 90757
226	1487 Nicole Curve Apt. 863, Brittanyfurt, FL 25302
227	922 Garcia Squares, West David, FM 74120
228	368 Mejia Lakes, Ebonymouth, LA 84685
229	3572 Schultz Rapid, Wrightshire, IN 90994
230	6108 Smith Meadows Apt. 977, New Travishaven, SC 39023
231	4814 Jones Skyway Apt. 556, South Derrick, RI 34086
232	2349 Washington Lodge, Lake Staceymouth, AS 37338
233	67014 Angie Valleys, West Brianberg, OK 62246
234	3793 Stacey Extension Suite 857, Phyllisberg, VA 86554
235	USNS Davidson, FPO AA 61762
236	19112 Smith Expressway Apt. 635, Port Alejandrafort, VA 15028
237	67338 Cruz Brook Suite 561, West Gregoryport, KY 85280
238	27484 Rebecca Key Apt. 360, Lake Antonioberg, IA 98606
239	47024 Teresa Springs, North Sheri, VI 93792
240	USNS Smith, FPO AA 59646
241	425 Megan Loop, Rhondaport, CO 77109
242	439 Martin Crescent, Mcconnellmouth, AL 60371
243	33704 Stephen Plain Suite 790, Williamstad, MO 33176
244	365 Patricia Views Apt. 502, Petersonfurt, MN 50921
245	5913 Amanda Tunnel Suite 204, East Michellemouth, GA 23554
246	4459 Emily Curve, Carrollmouth, MT 53669
247	6975 Robert Knoll, North Mallorychester, IL 65025
248	594 Rasmussen Motorway, Jodiburgh, CO 06605
249	23298 Jessica Camp Suite 204, Nelsonside, NE 07797
250	6834 James Expressway Suite 860, Robinsonhaven, NE 51868
251	560 Lester Branch Suite 220, South Andrewfurt, HI 05313
252	05051 Medina Lakes Suite 915, New Sierraview, SC 27887
253	203 Coleman Burgs Apt. 921, Lake Cory, DE 24300
254	8029 Roger Canyon Suite 549, Stephaniestad, OH 33225
255	9497 Jasmine Mountains, Brandonstad, NJ 60649
256	216 Brendan Mountain, Jamesburgh, CT 57573
257	55757 Kidd Port Apt. 666, Port Alexandrialand, CO 65832
258	42661 Powers Springs Apt. 326, Michaelstad, CT 52287
259	USCGC Lopez, FPO AA 21529
260	8042 Mccoy Courts, Karenport, WY 14854
261	4274 Dana Mission Suite 528, Medinaland, ME 48457
262	844 Hall Shoal, Veronicamouth, NJ 09477
263	3379 Matthew Summit, South Scottside, VI 87209
264	5777 Bryant Inlet, West Timothy, CT 26472
265	7261 Lindsey Overpass, Patrickshire, UT 81823
266	740 Castro Crescent Suite 175, Loganland, VA 66372
267	6483 Espinoza Union, Patriciahaven, DE 44148
268	70088 Catherine Extensions, Perrymouth, OK 47492
269	28534 Joanne Way Apt. 445, Garzamouth, PR 32119
270	82915 Christian Streets Suite 494, West Jeffrey, PW 33010
271	87557 Katherine Throughway, East Laura, FM 86578
272	2693 Aaron Coves, Robertberg, NH 91023
273	317 Jeffery Villages Apt. 814, South Susan, MN 81387
274	2766 Hines Trafficway Apt. 908, West Christinaberg, OK 66354
275	509 Casey Junction Apt. 234, South Kenneth, IN 35341
276	94770 Keller Cape, South Mike, PR 29276
277	738 Christopher Parkway, Port Thomasview, PA 02007
278	56558 Daniel Circle, Gallowaybury, MS 01287
279	Unit 0504 Box 1428, DPO AE 42941
280	Unit 4365 Box 8949, DPO AE 45491
281	11595 Kaitlin Ford, Port Julie, OR 85693
282	869 Ryan Haven, North Shawnfort, WV 09753
283	6253 Paul Oval Suite 435, Austinborough, UT 27866
284	19917 Hines Mission Apt. 978, Gailton, RI 20962
285	723 Justin Ramp Apt. 394, East Johnmouth, VT 36896
286	45640 John Manor, Johnberg, WY 10110
287	9133 Miller Estate, Meganland, MP 20093
288	237 Anderson Pike, Wolfeborough, ND 79943
289	83225 Justin Brooks, South Jasonfurt, NH 44039
290	237 Brent Parks Suite 129, Millerborough, UT 18892
291	18512 Brown Grove, Port Marissa, SD 02125
292	71659 Jonathan Summit, South Davidside, NC 31860
293	84018 Banks Shoal, Davischester, VT 44074
294	366 Freeman Lodge Suite 785, West Williamstad, NY 93683
295	283 Carmen Loop, Lake Davidshire, MP 36884
296	4944 Harris Village Apt. 551, Bryanfort, DE 51721
297	03016 Price Park Suite 930, Grayberg, MI 61138
298	443 Roger Loop Suite 920, North Joshuaview, AR 46052
299	429 Joshua Turnpike Suite 780, Port Julie, AL 05767
300	USNS Perez, FPO AA 95967
301	991 Knight Inlet, South Nathanielville, IN 69660
302	9678 Mcknight Lock, Annechester, TX 31166
303	Unit 7138 Box 8221, DPO AA 42230
304	24760 Williams Locks Apt. 226, North Craig, MT 42023
305	23510 Rodriguez Islands, North Heather, OH 58424
306	603 Courtney Ville, Andreachester, NE 01117
307	05571 Eugene Crossing Suite 958, Mccarthybury, IN 44070
308	51527 Knox Lake Suite 477, Munozbury, UT 26104
309	6922 Jennifer Common Suite 926, East Deniseborough, ME 33952
310	USNS Johnson, FPO AE 91596
311	PSC 8944, Box 2689, APO AE 99192
312	422 Maldonado Squares Apt. 423, South Austin, WI 51735
313	0289 Riley Ranch, Jonathanbury, TX 83572
314	04363 Benton Hill Suite 940, Joshuachester, AK 90858
315	41461 Diaz Garden Suite 256, Schultzfort, HI 70626
316	2172 Matthew Manor, West Robertland, NC 88139
317	989 Smith Keys, Michaelhaven, AS 68914
318	663 Andrew Path Suite 917, Lindseyberg, WI 54698
319	39750 Holloway Parkway Suite 640, Dannyburgh, ME 64608
320	44809 Curtis Branch, Thorntonfurt, ID 39206
321	7372 Robert Roads Suite 578, North Shannonville, FL 40129
322	247 Russo Wall, Kennethmouth, DC 94788
323	283 Joseph Underpass Apt. 129, Davidtown, WV 15073
324	822 Anthony Ferry, East Jenniferchester, OH 01772
325	9661 Brenda Islands Apt. 402, Maysberg, GU 99108
326	76501 Tom Parks Suite 472, Warrenville, NJ 76224
327	7535 Contreras Bridge, Downsstad, NV 58351
328	10232 Steven Shoals Suite 824, Dayberg, VT 66545
329	69785 Ann Manors Apt. 343, Carolynview, MS 43920
330	3529 Nelson Lock Apt. 779, South Cassidy, ND 45378
331	241 Mark Key Apt. 870, Lake Scottland, ME 18798
332	USCGC Peterson, FPO AE 01214
333	765 Bishop Isle Suite 438, Gonzalezshire, DE 84108
334	23723 Aaron Wells, Jeremyfort, AZ 77590
335	73706 Rachel Mews Suite 632, Lake Matthewland, LA 57791
336	Unit 3425 Box 7469, DPO AA 86102
337	01355 Gibbs Parks Apt. 671, Stevenburgh, GU 27042
338	5447 Malone Mall, North Jasmine, WA 95891
339	1648 Taylor Locks Suite 438, Lisaport, MN 42115
340	363 Scott Valleys Apt. 080, Millerton, VA 96994
341	USNS Mccarty, FPO AE 59485
342	991 Smith Street Apt. 820, South Carlos, NH 34890
343	5116 Christopher Throughway, Lisatown, OK 18364
344	Unit 1821 Box 4518, DPO AE 64041
345	87554 Michael Wells, North Douglasland, OR 96850
346	2375 Mark Plains, Tylerhaven, OR 08010
347	9150 Luke Points Suite 789, New Laura, UT 07460
348	1866 Garcia Lodge, Garyhaven, WI 26008
349	USS Norton, FPO AE 11141
350	9720 Hicks Land Apt. 549, Rasmussenberg, FM 40818
351	2841 Carter Highway Suite 746, Mejiaberg, AS 47335
352	419 Robinson Junctions Apt. 878, Alexanderton, GU 20082
353	1533 Whitney Islands Apt. 098, Lake Stacy, AL 97703
354	44071 Joe Falls Suite 365, North Calebbury, IL 01157
355	00633 Estrada Views Suite 851, East Pamela, CO 35494
356	PSC 0157, Box 9303, APO AE 58613
357	361 Elliott Valleys, East Michelle, IN 79230
358	935 Justin Centers Suite 528, Antonioville, NV 22587
359	6926 Tanya Cove, West Victoriaport, NE 96822
360	207 Miller Centers Apt. 174, Dudleyview, TN 89908
361	433 Nelson Alley, Alexistown, WI 99948
362	88108 Denise Courts, Joseshire, NC 57427
363	85060 Jason Trail, Nancymouth, NV 47416
364	15173 Joseph Parkways, Johnstonberg, FM 74795
365	579 Chambers Curve, Sandratown, TN 92210
366	0459 Mary Canyon, Jamieville, TN 24430
367	Unit 6310 Box 9669, DPO AA 42169
368	2123 Williams Harbors Suite 806, East Chad, FL 49498
369	551 Russell Crescent, Port Kristyborough, NC 61383
370	281 Jamie Pines, Lake Philipfort, MS 77102
371	21996 Ashley Plaza, East Anne, IN 08841
372	940 Elizabeth Fields Apt. 225, South Georgeland, IN 75740
373	USNV Mclean, FPO AP 65126
374	PSC 5275, Box 1709, APO AA 21934
375	15006 Bell Drive, Brownview, HI 37073
376	63415 Alexandra Lodge Apt. 206, North Jennifershire, MO 40488
377	58260 Proctor Divide Apt. 240, Petersonfort, FL 77867
378	12737 Moore Knolls Apt. 119, Schmidtside, MS 77326
379	836 Wilson Rapid Apt. 464, Port Angie, VT 69572
380	044 Henderson Fort, Grahamview, CT 10408
381	078 Gordon Stream Apt. 196, Port Gary, AK 12706
382	549 Jones Parkways Apt. 666, Boydmouth, WY 15833
383	5427 Lawson Squares, Port Derek, PA 07758
384	4226 Jacqueline Overpass, Adammouth, MN 25057
385	PSC 1172, Box 7219, APO AA 89561
386	USNV Mckee, FPO AP 35843
387	84083 Ramos Lights, New Kristina, GA 22260
388	513 Barrett Shoal Apt. 304, East Ernest, HI 58532
389	92302 Kevin Forge, Kathleenton, CA 46195
390	02919 Raymond Springs, Elliottmouth, WV 68029
391	217 Jennifer Spurs Apt. 405, Pamelabury, MO 34699
392	Unit 7785 Box 8810, DPO AA 17638
393	81574 Weaver Track Apt. 904, Rebekahville, SD 47830
394	38172 White Mission Apt. 003, New Jaimeberg, NH 71465
395	USCGC Garrett, FPO AA 20736
396	7956 Mike Shores Suite 295, New Joshua, AZ 66082
397	10982 Andrea Station, Russellshire, CT 06698
398	6501 Andrea Village Suite 977, Anthonyburgh, CA 24562
399	84770 Huff Circles Suite 761, South Matthew, TN 98438
400	28063 Smith Squares Suite 933, Lake Larryshire, MA 60437
401	662 Hahn Plaza, New Christinaview, TN 41106
402	325 Patterson Islands Suite 256, Annaberg, WI 11320
403	14874 Gibbs Squares, Kimstad, FM 27914
404	669 Hooper Valleys Apt. 108, Leroyton, AZ 49082
405	49661 Cheryl Points, Josephmouth, FL 27692
406	USNS Mitchell, FPO AA 16074
407	7254 Richard Passage, East Lauriehaven, NM 55987
408	7205 Perez River, West Stacy, WA 91721
409	Unit 9901 Box 0581, DPO AA 03051
410	67681 Oneill Pike Apt. 440, Williamfort, MP 47162
411	0244 Stephens Valley, Lake Joseph, AR 41473
412	PSC 4125, Box 8885, APO AA 71135
413	13561 Fleming Throughway Suite 155, Vargasfort, IN 28998
414	92679 Bryant Fall Suite 181, Lake Michael, NM 01614
415	06875 Stein Villages, Lake Charles, HI 40449
416	305 John Spring, West David, VT 49753
417	894 Christina Throughway Apt. 088, Michaelburgh, AS 50498
418	2683 Savannah Garden Suite 380, Mckenzieview, WY 71961
419	6800 Jessica Ramp Suite 117, Evansport, GU 99482
420	02798 Bean Courts, Aaronchester, MI 93399
421	10800 Jeremy Way Apt. 278, Butlerville, PR 81622
422	164 William Corners Apt. 006, West Kristen, OK 59309
423	396 Wang Inlet Apt. 712, Meghanchester, WV 93978
424	PSC 7324, Box 5537, APO AA 43856
425	1569 Amanda Fork Suite 355, West Susan, MS 48971
426	6049 Michael Circle, South Jeanette, DC 54133
427	848 Robert Extensions Suite 386, Lake Douglas, AZ 50585
428	90158 Brewer Mountain, West Christopherview, ID 96396
429	87524 Shelly Summit Apt. 049, Brittneymouth, OR 66355
430	30020 Thornton Bridge, Thomaston, AL 07715
431	46448 Cynthia Court Apt. 258, Tracytown, CT 31220
432	60502 Benson Bridge, Michelleland, VT 86115
433	88378 Donald Canyon, East Roberttown, VT 31812
434	3494 Munoz Cliff, New Renee, WA 48870
435	089 Price Spring, Christopherfort, VA 67952
436	97031 Holmes Prairie Suite 239, North Beth, KY 85041
437	025 Frazier Mountain Apt. 878, Petersfurt, RI 49417
438	4933 Tracy Stravenue, Port Joshuabury, NJ 79800
439	76386 Santiago Park Apt. 901, Lake Dawn, HI 51731
440	26274 Jimenez Extension, Port Chadchester, CO 54884
441	1979 Jill Parkways Apt. 474, North Jamesmouth, VA 52487
442	1733 Alexis Junction, Mariaview, MP 46304
443	0049 Ramos Path, Troyside, MS 48444
444	3182 Gonzalez Canyon Suite 192, Sanchezville, GU 25845
445	61535 Meyer Light Apt. 869, Elizabethmouth, NJ 13092
446	438 Hale Courts Apt. 634, Wangfurt, AL 42550
447	5884 Bradley Squares Apt. 007, Christopherland, ME 16595
448	4254 Hernandez Summit, South Wendyshire, SC 32335
449	416 Blackburn Fields Apt. 348, Evelynland, UT 19347
450	0771 Montgomery Divide, West Kellyberg, NE 67483
451	20996 Lucas Curve, Bensonview, OR 10377
452	USS Burns, FPO AE 67180
453	039 Susan Curve Suite 209, Kingville, NH 07662
454	30982 Rachel Estate Apt. 256, Port Evanfort, MH 91168
455	5310 Jones Ports Suite 443, Lanceshire, VT 26808
456	60252 Turner Cove, Brianashire, SC 69236
457	95199 Douglas Common, Jennifertown, FM 54754
458	010 Kathleen Route, East Angela, ID 08701
459	Unit 8487 Box 9620, DPO AE 74093
460	189 Michael Meadows Apt. 520, East Angelville, OH 75863
461	5162 Mendez Courts, Lake Natalie, SC 53719
462	13458 Victor Cape, Emmaborough, WY 96810
463	709 Mcdonald Walk, Raymondberg, PA 30361
464	9586 Mclean Via Suite 216, Harveychester, AK 06517
465	781 Nixon Forks, West Bryan, VA 66565
466	2516 Guzman Mall Apt. 799, North Colleen, VT 31027
467	1310 Miguel Cape Apt. 000, Karenburgh, NC 25851
468	6099 Allen Plains Apt. 448, Lorifurt, TX 11643
469	6982 Regina Ville Suite 916, Charlottemouth, MD 50234
470	9206 Parks Station, Beanton, AR 72484
471	08673 Nathan Center, West Keithfort, IL 15587
472	81964 Martin Island, Harveyborough, HI 16852
473	8577 Davis Ridge, Shermanport, FM 99890
474	8546 Lewis Creek, Lucasstad, NJ 22283
475	86801 Mark Alley Apt. 788, East Jack, NC 09215
476	81246 Davis Crescent Suite 998, North Jessica, NC 46828
477	55144 Crawford Branch, Howellberg, SC 76642
478	3604 Stewart Falls Suite 915, Angelatown, MI 27545
479	979 Natalie Ferry Suite 538, Veleztown, TX 53741
480	9471 Frank Freeway Apt. 298, Raymondmouth, NM 20707
481	330 Dorsey Green Suite 713, Port James, SD 73797
482	Unit 5051 Box 9180, DPO AA 25781
483	305 Karen Port, Lake Alejandroview, GU 37092
484	997 White Branch, East Joshualand, VA 51625
485	629 Angela Run, Raytown, OK 09826
486	7799 Sanders Light Apt. 991, South Nicholasbury, MT 11949
487	561 Flores Loop Apt. 023, Robertobury, AR 12725
488	5232 John Views, Mcdonaldchester, NC 09547
489	1838 Howell Inlet Suite 974, Wilsonmouth, CT 67107
490	947 Kevin Wells Apt. 023, Williamstad, GU 89410
491	71561 Fuentes Divide Suite 771, Kimfurt, MI 37870
492	66937 Fisher Tunnel Suite 051, Johnview, MI 81274
493	127 Paul Shores, Ashleyton, NM 00883
494	42638 Karen Prairie, Brownbury, DE 96425
495	6987 Payne Stravenue Suite 428, Port Leroy, DC 80960
496	977 Taylor Bypass Apt. 076, West Jonathan, HI 26353
497	83314 Welch Streets Apt. 462, New Travis, NE 93280
498	017 Michele Islands, South Chelseabury, AL 59410
499	0473 Jerome Glen Suite 601, Watkinschester, AS 17078
500	0948 Julie Canyon Apt. 398, Michaelland, GA 70764
501	57068 Howell Summit, South Connie, MN 60662
502	45669 Sweeney Road Apt. 734, Lake Sandyland, KY 35224
503	51568 Perez Groves Apt. 455, Mitchellland, DE 50899
504	8872 Susan Bridge Apt. 759, East Darlene, NH 67122
505	USNV Ross, FPO AA 11384
506	009 Tyler Valley Apt. 855, Evanston, AZ 42840
507	PSC 9646, Box 7394, APO AP 82643
508	87118 Brooks Flats, Lorifort, TN 25343
509	5036 Claudia Hills, Port Scott, PR 58442
510	863 Douglas Stream, New Matthewton, KY 01500
511	638 Melanie Fall, Moranton, HI 87540
512	71225 Stanley Springs, West Katherine, ID 72469
513	076 Cross Lock Suite 632, Lake Jacob, WY 58110
514	4302 Amber Avenue, Calderonside, MN 98755
515	134 Zhang Prairie, Lake Ashleytown, OH 47524
516	56242 Shelly Coves, Lake Yolandaberg, TN 46510
517	94643 Henderson Summit Suite 414, Huntmouth, MD 37365
518	819 Jennifer Circle, Toddborough, KY 49003
519	9848 Weaver Island, Matthewfurt, AZ 47539
520	0880 Sutton Extensions Suite 960, East Joseph, IN 71849
521	Unit 5802 Box 6997, DPO AP 12085
522	92793 Clinton Tunnel, Oliverborough, MP 46032
523	17589 Christopher Manors Suite 765, North Alisonchester, TN 80635
524	32740 Bright Tunnel Apt. 450, Nicholashaven, AL 26160
525	PSC 6962, Box 3354, APO AE 79452
526	9091 Amber Burgs, West Joshuaview, UT 81456
527	156 Mcmillan Port, New Melissa, AK 25135
528	489 Harry Stream, Powellstad, CT 52105
529	80264 King Station, East Jeffreyberg, VT 82523
530	493 Green Track, Hannahchester, AR 36545
531	Unit 2142 Box 0032, DPO AE 76942
532	123 Cynthia Forest Suite 198, Mayville, RI 90286
533	833 Autumn Lake Apt. 986, Laurenburgh, MI 70514
534	2882 Young Circle Suite 104, Taylorburgh, IA 73606
535	785 Kevin Square, Waltersborough, MS 32584
536	Unit 5149 Box 1949, DPO AE 26201
537	486 Campbell Gateway Apt. 334, Goodwinfort, MP 89460
538	015 Marsh Roads Apt. 160, East Jeff, MH 56640
539	16936 Joseph Branch Apt. 396, Hodgeborough, NM 53079
540	87027 Savannah Ford, North Victoriafort, IN 53985
541	474 Paul Drives Apt. 638, Greenshire, VT 33262
542	8768 Miller Pines Apt. 693, Port Sylvia, OR 12476
543	13934 Brian Passage, Wrightstad, OR 24016
544	92437 Turner Prairie, West Anthony, SC 19782
545	806 Woods Place Apt. 191, Brownborough, MN 18682
546	5199 Jessica Motorway Suite 034, West Ginastad, IN 32457
547	92055 Danielle Station Suite 439, New Jamesview, NC 97824
548	9317 Kim Mall, Staceyport, TX 32459
549	48556 Melanie Centers Apt. 375, Lake Robert, AZ 44496
550	264 Walker Land Suite 445, Michaelbury, TX 75256
551	942 Washington Road, Lake Willie, VI 07910
552	62738 Richard Extensions, Jorgemouth, PW 52966
553	0716 Julia Fields, Scottfurt, PR 26638
554	90673 Hannah Landing Suite 650, Danielview, NE 44048
555	16840 Adam Center Apt. 642, Javierborough, MT 80659
556	637 Phillips Groves, New Kennethport, OR 77381
557	9729 Collins Run Apt. 296, Howardmouth, FL 98373
558	161 Livingston Track, Port Timothy, NC 11923
559	61217 Karen Trace, Michaelfurt, CO 46754
560	216 Donald Expressway Suite 225, Philipland, DC 18016
561	597 Hunter Valley, Port Benjamin, WA 01786
562	5418 Cook Keys, Sotohaven, DE 60898
563	089 Ricky Union, New David, UT 15180
564	5225 Gloria Trail Apt. 119, Johnsonchester, DE 95995
565	164 Zachary Ramp Suite 232, Cordovaberg, CA 73387
566	78878 Samantha Land, Port Janicetown, GA 89435
567	107 David Squares, North Marychester, FM 83038
568	48934 Tracey Estate Suite 423, South Davidfurt, MS 95139
569	836 Brady Shore Apt. 680, Port Marybury, NY 04431
570	8281 Maria Keys Apt. 139, South Juliaberg, MH 61945
571	57819 Gloria Orchard, Lake Jameschester, MP 14539
572	31800 Kevin Summit, North Bridgetfort, MS 94263
573	88962 Samantha Plains, Smithland, MD 50342
574	6538 Melissa Village, Knightville, PW 32158
575	Unit 7694 Box 1182, DPO AA 89238
576	6762 Wolf Stravenue Apt. 081, West Thomasport, OH 01468
577	55371 Jeffrey Square Apt. 622, Jordanchester, MA 08773
578	9981 Grace Mission Apt. 430, New John, GA 17157
579	122 Jose Center Apt. 650, West Jason, VA 28611
580	1681 Butler Ridge, Lake Heatherton, SD 09932
581	655 Debbie Forges, Johnsonhaven, NM 11212
582	46074 Powell Loop, South Johntown, MD 04266
583	7626 Mary Lock, Erinmouth, AR 23881
584	PSC 5868, Box 1483, APO AE 70634
585	507 Daniels Field, Port Bryan, MT 59211
586	5566 Nicholson Lights Apt. 912, North Hannahborough, WI 58470
587	982 Chris Path, East Mitchellshire, MI 50804
588	9945 Zachary Station Apt. 846, North Andrewmouth, MS 35608
589	596 Hutchinson Way, Robertsmouth, NY 12859
590	6195 Tracy Shore Suite 449, New Ronaldside, AK 55407
591	2950 Fox Trail, Nathanmouth, MP 45303
592	841 Miller Light Apt. 609, Hallport, FM 48604
593	57373 Acosta Courts, Karaberg, NM 95727
594	215 Rebecca Knoll Apt. 397, Calebfort, KY 18505
595	1764 Sylvia Via, East Ryanfurt, WI 70622
596	54815 Cooper Run Apt. 561, Elizabethburgh, PR 08721
597	2638 Berg Rapid Suite 252, Port Natashaside, AL 75091
598	PSC 5862, Box 3739, APO AP 33375
599	313 Carney Road Apt. 005, Port Yesenia, SC 13982
600	3370 Austin Hill, Port Charleshaven, TX 34188
601	28925 Timothy Park Suite 711, West Donna, OH 17621
602	156 Benjamin Lock Suite 246, Bellberg, ID 73149
603	5707 Cantu Centers, Fowlerfurt, NY 52727
604	086 Nguyen Extension, Port Ronaldview, VA 49230
605	600 Hannah Lock, South Amanda, VT 16672
606	648 Anthony Square, South Jamesbury, ID 85212
607	1837 Brenda Islands, Millerberg, PW 90402
608	61717 Christy Villages, Christyville, MA 71540
609	6247 Stewart Pines Suite 701, South Kennethburgh, OR 94086
610	USS Brooks, FPO AP 06871
611	4827 Andrew Stream Apt. 379, Jeffreystad, MP 50453
612	2376 Anna Gateway, Obrienburgh, MS 81062
613	1902 Avila Meadow Apt. 278, Pamelaview, CA 15934
614	73538 Larry Plains, Paceland, NC 29023
615	856 Patricia Square Suite 003, Fordside, WA 22681
616	626 Odonnell Station, Garzafurt, DE 34028
617	7681 Harper Spurs Apt. 889, Port Stevenfurt, MH 68674
618	938 Graham Forges Suite 351, Riceland, MN 48679
619	322 Grant Trace, Tylerburgh, KS 76071
620	USNS Williams, FPO AP 41232
621	41253 Valentine Common Suite 686, Elizabethfurt, AZ 11960
622	911 Gonzalez Junctions, Lake Melanie, WI 33172
623	976 Phillips Lake, Owensland, NV 01254
624	8577 Larson Trail, Lake Gary, VT 61805
625	279 Alyssa Cliff Apt. 577, Matthewview, LA 17420
626	76527 Woods Drive, Lake Briannachester, IA 46595
627	4004 Ward Loop, Williamston, OH 91813
628	8216 Blanchard Crescent Apt. 517, Justinfort, NH 72696
629	08955 Rebecca Burg, Christophershire, IA 35550
630	6260 Perez Crossing, Durhamchester, VA 86163
631	89699 Ruiz Point, Antonioborough, FM 78244
632	0635 Amber Prairie, South Kathrynland, SD 08587
633	1362 Kevin Walk Apt. 690, Beanborough, KY 26849
634	Unit 5874 Box 4908, DPO AP 44155
635	3932 Ricardo Village Apt. 775, South Amandafurt, CO 32350
636	2476 Fitzgerald Run, Hebertside, NJ 23069
637	55386 Turner Vista, West Alexanderbury, UT 72720
638	Unit 8996 Box 8800, DPO AE 36497
639	86587 Robinson Path Apt. 704, North Vincentstad, NJ 92609
640	95216 Johns Loop Apt. 694, Port Joseph, OK 30055
641	641 Cruz Groves, North Jennifer, MO 59389
642	2245 Hannah Lodge, West Andrea, IA 56351
643	598 Cynthia Mall Suite 883, West Katherine, PW 97514
644	190 Yates Expressway Suite 170, East Gregory, OH 95829
645	3694 Daniel Dam, Smithshire, WY 45108
646	754 Tiffany Ville, Danielview, KY 79359
647	98884 Taylor Mews, East Kelly, FL 99275
648	8813 Farley Course Suite 522, West Erik, WI 69299
649	3766 Stanley Lodge, Terrancemouth, GA 43631
650	802 Brandon Port, New Troy, KY 74523
651	02200 Hamilton Landing, Laurenville, AZ 13094
652	61577 Ryan Village, Lake Glenn, DE 31441
653	4631 Justin Circles Suite 681, Shortside, ID 85966
654	PSC 5050, Box 8254, APO AA 90319
655	489 Scott Manors, Abbottchester, RI 09561
656	0594 Andre Cliff Apt. 024, South Ronniechester, MP 65944
657	USNV Villa, FPO AA 06679
658	8907 Andrew Harbor Suite 165, Johnfurt, AK 28956
659	947 John Center, Gillville, IL 40688
660	3797 Gonzalez Cape, Margaretmouth, CO 37438
661	08528 Booth Hollow Suite 296, Dukefurt, IL 99204
662	PSC 8848, Box 3805, APO AP 20136
663	Unit 7730 Box 0394, DPO AE 68721
664	049 Martin Views, Harrisside, ND 70342
665	50211 Williams Harbor Apt. 569, East Ashley, TX 28774
666	111 Perkins Ferry, Port Ericmouth, UT 98087
667	Unit 2323 Box 5328, DPO AP 51605
668	617 Mejia Forges, Leahtown, UT 78160
669	0333 Kimberly Track Suite 692, Port Jennifertown, MA 40139
670	50621 Krause Trafficway Apt. 207, South Tiffanyfort, VT 94887
671	17932 Corey Lights, Anthonyview, AL 35755
672	76807 Parker Light, Adrianmouth, AK 00849
673	80858 Richardson Turnpike Suite 871, Port Nancystad, GA 12912
674	708 Jessica Harbor, New Barbara, DE 88854
675	5673 Brown Estate, Jacksonhaven, FM 76955
676	098 Scott Loop Apt. 442, Lake Sharon, FM 66275
677	845 Jessica Row Apt. 033, Greeneville, ND 12481
678	753 Robert Plain Suite 955, Lake Alyssashire, WA 94365
679	2074 Ramsey Shores, Barrerastad, SC 95153
680	4218 Angela Cliff Apt. 690, Jasonstad, MT 29409
681	93672 Andrew Parkway Apt. 071, Stephenbury, LA 89945
682	62758 Brandon Valleys Suite 917, Dunnberg, CA 33067
683	PSC 7045, Box 2921, APO AE 52356
684	3487 Diaz Pine, Johnstad, CT 88514
685	33725 Schmidt Island Apt. 053, Tuckerfurt, UT 59402
686	32125 Jones Summit Apt. 886, North Kathyland, OR 56448
687	PSC 8609, Box 1971, APO AE 73178
688	4432 Billy Pines Apt. 283, Courtneyfurt, ID 29554
689	533 King Springs, Garrisonberg, DE 71128
690	387 Brenda Mount Suite 520, Williamsberg, WA 71728
691	5624 White Plaza Suite 261, Port Christina, NV 36188
692	271 Graham Vista, Aprilville, AS 50912
693	PSC 1934, Box 1183, APO AA 92704
694	3413 Richard Locks, New Davidborough, AZ 17659
695	634 Alyssa Haven Apt. 395, Taylorburgh, VA 24035
696	5013 Brown Ways Suite 783, Mclaughlinfort, MH 10774
697	6438 Odom Freeway, West Adam, TX 96482
698	6194 Mark Inlet, Port Angela, WI 76874
699	0950 Rivera Mountain, Hollowayhaven, KS 16798
700	USS Burnett, FPO AA 17938
701	6197 Nicholas Port Suite 890, North Judyberg, HI 58726
702	595 Kimberly Hill Suite 698, Melissafurt, TX 58267
703	4657 Angela Station Suite 338, Lake Kenneth, NH 83282
704	725 Lauren Stravenue Suite 993, Wadeberg, NE 97510
705	1524 Lori Divide, Fieldsberg, NC 01198
706	PSC 9205, Box 2203, APO AA 17506
707	829 Rose Course, East Benjaminborough, HI 36014
708	62617 David Skyway, Gillborough, AK 06577
709	1747 William Canyon, Colemouth, PW 36629
710	19426 Myers Pine Apt. 221, Ewingview, NJ 48979
711	91403 Theresa Light, Reneestad, NJ 33730
712	871 Heath Manor Apt. 801, East Bridget, IA 42360
713	471 Amanda Roads, Williamland, GA 50259
714	5296 Ryan Inlet Suite 205, South Amandaburgh, NH 88814
715	2070 Sandra Unions, Washingtonfurt, MA 65942
716	837 Gregory Road, Bankstown, NM 28942
717	79340 Julie Oval Suite 905, East Thomasside, IL 75035
718	066 Powell Light, Coxborough, CA 90471
719	0917 Michele Brooks, Port Ryanfort, NY 56991
720	0628 Anna Mews, Huntstad, AL 52295
721	750 Crawford Tunnel, Marieburgh, MO 01747
722	97528 Robert Place, Villachester, SC 57281
723	348 Newton Manors, Harrisport, MA 48000
724	990 Jennifer Pines, South Roger, KS 37080
725	7181 Black Roads Apt. 981, East Ryan, CT 76740
726	197 Espinoza Crest, Hernandezview, MI 20854
727	0045 Anthony Rapids Suite 241, Port Christopher, CT 93341
728	761 Jason Squares, West Charleneside, MP 92623
729	7802 Taylor Orchard, Greenfort, MH 56406
730	541 Veronica Port Apt. 528, Arnoldside, NC 94857
731	836 Allison Valley, Morganbury, MS 91067
732	4600 Baker Hills Apt. 935, Evanshire, CA 15762
733	0746 Amanda Tunnel Apt. 780, Karenville, NM 45824
734	2026 Davis Trafficway Suite 565, North Carolyn, ND 44778
735	6126 Rodriguez Cape, West Cheyennetown, NY 03856
736	USCGC Ortiz, FPO AA 90781
737	85013 Cochran Highway, East Daniellemouth, DC 35958
738	5427 Colleen Shore, South Michael, VA 37626
739	38872 Amanda Ways, Rodrigueztown, WI 76332
740	77310 Gregory Harbors, North Steve, MO 72443
741	Unit 2376 Box 4717, DPO AA 70781
742	744 Wright Passage, South Jamesview, SC 32573
743	975 Devin Motorway Suite 232, West Ericberg, WV 64318
744	9609 Martinez Coves Suite 629, Phillipsmouth, MN 89767
745	58559 Patterson Circle, Tannerberg, CA 33011
746	051 Espinoza Dam, North Gregorymouth, DE 41422
747	USS Bennett, FPO AP 52544
748	2525 Raymond Pike, Lake Joshua, VA 77607
749	9690 Lynn Tunnel, East Lisa, VA 65233
750	2510 Jefferson Valleys, Curtistown, MA 41904
751	9020 Graves Coves, Josephview, MA 86404
752	2439 Susan Ports, South Andrewfort, PR 55306
753	88535 Jesse Locks Apt. 214, Hutchinsontown, NJ 40363
754	PSC 7747, Box 8449, APO AE 30100
755	186 Michael Trace Suite 359, South Marvin, IL 17178
756	28207 Lauren Landing Apt. 706, Jeannetown, ME 00979
757	PSC 6102, Box 1557, APO AP 57718
758	2058 Meredith Mall Apt. 771, Juanfort, HI 59229
759	26493 Smith Cape Apt. 148, Timothyberg, TN 81361
760	0259 Stephanie Stream Apt. 614, Michaelside, NE 17335
761	04061 Gonzales Forges Apt. 841, New Haileyshire, IL 76495
762	4370 Harvey Lake, Nielsentown, FM 14927
763	3305 Adam Unions, Gomezshire, TN 11910
764	327 Mcgee Viaduct, Brycemouth, KY 77016
765	52417 Eric Vista Suite 791, Port Julieborough, MP 59400
766	2765 Reed Centers Suite 040, West Nicolas, NV 54128
767	258 Kimberly Coves, Jenniferhaven, NH 10798
768	Unit 4685 Box 5323, DPO AA 70076
769	8628 James Throughway, East Maryfort, NE 99016
770	388 Delgado Trace, New Marymouth, WY 12866
771	282 Sarah Creek Apt. 106, Millerborough, IL 81134
772	Unit 6755 Box 2774, DPO AE 02904
773	371 Smith Islands, Cynthiabury, KS 97135
774	270 Barrett Keys Suite 148, West Alyssa, MO 34391
775	37491 Keith Circles, Hernandezshire, TN 10878
776	620 Thomas Orchard, West James, WI 24976
777	24104 Kayla Well, Jacobfurt, GA 88106
778	9545 Jennifer Grove Suite 336, North Allison, DE 10568
779	102 Peter Highway Suite 096, New Annefort, WA 42393
780	59603 Kerri Branch, Kevinville, WV 07880
781	2048 Jackson Ports Apt. 353, Port Anthony, IA 38875
782	89889 Nathan Harbors Apt. 035, Mariaborough, GA 80540
783	791 Fields Shoal, Port Robertchester, AR 07014
784	3534 Erika Corner Suite 552, Hunterfort, WI 87587
785	79400 Jennifer Fords Apt. 632, Haleyfort, IN 73412
786	8561 Kendra Fords Suite 781, South Jamieport, DC 60095
787	PSC 5548, Box 4024, APO AE 31850
788	1190 Little Underpass Apt. 444, East Richardton, MH 74035
789	17001 Collins Port Suite 376, New Dennis, GA 55847
790	824 Beck Square Apt. 435, Taylortown, FM 69418
791	9886 Arias Lock Suite 309, Daleborough, CA 48507
792	098 Johnson Lodge, Calvinland, VI 42909
793	212 Miranda Divide, Brownberg, OH 75325
794	150 Jennifer Common, Lake Dennis, MO 17461
795	PSC 7348, Box 2504, APO AP 17193
796	908 Karen Course, Charlesshire, MT 40663
797	52500 Johnson Ferry, West Andrewbury, MA 07967
798	1516 Johnson Spurs Apt. 142, South Katiestad, FL 17529
799	132 Andre Plains, North Megan, WV 64797
800	631 Brenda Turnpike, Port Dianefort, WI 07955
801	24715 Reyes Wall Apt. 778, Kimberlymouth, IA 44459
802	82969 Barnes Summit Suite 644, Davidstad, OH 58210
803	USNS Martinez, FPO AE 32863
804	72859 Stone Springs Suite 197, South Williamside, KY 05044
805	11442 Megan Landing Suite 485, Phelpsberg, NV 84272
806	268 Griffin Land Suite 926, Reynoldsfurt, RI 55271
807	8716 Thomas Brooks Suite 874, East Alexander, VA 87064
808	74151 Omar Mountain Apt. 345, Port Stephenchester, WV 66990
809	190 Tammy Meadow Suite 195, West Michael, KY 97811
810	2053 Schwartz Isle, West Corey, CT 36646
811	PSC 9284, Box 0065, APO AP 89484
812	82972 Randy Locks, Trevinotown, WI 38018
813	0384 Carlos Freeway, North Tom, CO 95713
814	55271 Amy Island, East Thomas, ND 75923
815	05128 Pham Springs, West Juliehaven, CA 54432
816	PSC 2794, Box 2371, APO AE 89866
817	768 Livingston Village Suite 323, West Molly, CA 21244
818	68760 Marcus Street, Curryside, NJ 71510
819	8839 Andrew Parkway, Damonburgh, DE 13872
820	77491 Courtney Throughway Suite 793, Port Stephen, AS 44349
821	99893 Mack Viaduct Apt. 990, Lake Jamie, OK 51649
822	549 Phillip Ford Apt. 863, Ryantown, MD 90328
823	8933 Hall Harbor, Loweryshire, OR 18168
824	61109 Todd Springs Apt. 799, Danielton, MN 41106
825	063 Jessica Junction Suite 437, Michaelbury, IA 05314
826	153 Munoz Orchard Suite 795, East Jason, WA 04364
827	497 Davis Row, Mitchellbury, RI 98700
828	353 Hernandez Circle, South Peter, KS 35219
829	32300 Brian Throughway, Baileyshire, NC 31166
830	4087 Karen Divide, Evansfort, MD 65804
831	847 Brooks Dam, West Michelleborough, IN 06097
832	187 Michael Roads Suite 074, South Kaitlin, OH 75871
833	01142 Watkins River, Port Tyler, IN 26353
834	6116 Thomas Circle Apt. 294, Williamberg, PW 09300
835	Unit 2009 Box 1542, DPO AP 11185
836	628 Bradley Causeway, East Phillipstad, CO 00990
837	8130 Hart Plaza Apt. 600, Greenmouth, NH 24732
838	50363 Martinez Streets Apt. 308, Haynesview, CT 48681
839	375 Lucas Ramp, West Bradley, NJ 39308
840	893 Figueroa Causeway, Andreaport, PR 11286
841	6732 Heather Flats, North Douglas, IL 89326
842	0076 Cruz Lodge, Campbellstad, FM 45523
843	75362 Donna Mews, Brianville, AK 08153
844	425 Keith Flat Suite 064, Jeremyland, AL 68311
845	629 Jason Route Apt. 688, South Robert, MI 81688
846	USS Brown, FPO AE 53120
847	4759 Jessica Glens Apt. 044, New Dawn, ME 05140
848	1101 Fowler Mission, New Monica, MP 05060
849	926 Carmen Fort Apt. 332, Lake Christopherport, MS 70865
850	PSC 2530, Box 9718, APO AP 77519
851	095 Anthony Spur, Loribury, UT 76646
852	880 Briggs Lakes Apt. 728, Donnastad, MO 28532
853	4975 Poole Crossroad, Paulmouth, VT 59142
854	941 Dickerson Inlet Suite 995, North Samuelview, GU 29696
855	27537 Cox Roads, Madisonborough, SD 20705
856	Unit 8868 Box 9034, DPO AA 00885
857	806 Michael Mountains Suite 302, Johntown, WI 36627
858	204 Taylor Grove Apt. 422, South Nathan, OR 68024
859	044 Kelly Unions, North Douglasberg, TX 53036
860	198 Burke Falls Apt. 158, Meyerbury, DE 61790
861	279 Perry Ridges, North Kelly, NY 34201
862	5601 Lee Shoals Apt. 886, Haleychester, CA 21246
863	1054 Dylan Port Suite 067, East Amandachester, NJ 71654
864	5044 Mark Plaza, South Alyssa, KY 18478
865	296 Alyssa Trail Suite 647, North Jamesfort, AL 81087
866	615 Alan Ford Suite 261, Justinfort, GU 26720
867	69039 Castillo Flat, Sarahborough, PA 64693
868	76852 Lynch Street Apt. 429, Aaronbury, CT 44251
869	0056 Jones Drives, Port Nicoleside, NV 00632
870	7610 Brenda Squares Suite 795, South Jennifermouth, ND 76397
871	94110 Stevenson Station Apt. 589, New Christopherburgh, KY 06533
872	47628 Lisa Brooks, North Cherylville, MP 60429
873	74651 Kenneth Knoll, North Paul, KY 18221
874	6843 Aguirre Plain, New Jenniferview, TN 42788
875	PSC 0460, Box 2911, APO AE 87960
876	59027 Katherine Court Apt. 451, Cassidyfort, NE 06736
877	06474 Kennedy Alley, Jamesfurt, FL 80130
878	63326 Jeffery Prairie Suite 490, New Debraton, SD 37214
879	385 Lisa Dale Suite 757, Ryanmouth, HI 53440
880	175 Andrea Springs Apt. 824, East Christian, AZ 39919
881	294 Shea Creek Suite 098, Lake Amyville, GU 31886
882	23067 Poole Island, Davidmouth, PW 54315
883	468 Baldwin Vista, Port Deniseburgh, TX 02168
884	906 Knox Canyon Suite 651, Fisherchester, FM 70415
885	8280 Wilson Mountains Apt. 225, West Stephen, DC 04089
886	17312 Ortega Turnpike Apt. 653, East Karen, VI 52532
887	41588 Teresa Dam Suite 002, Lake Timothyview, PA 88061
888	2096 Jones Drives Apt. 315, Hughesborough, MI 03971
889	9011 Jeremy Coves, Hochester, HI 05002
890	62637 Kevin Flat Suite 326, Lake Adam, IN 14587
891	USS Roberson, FPO AA 49516
892	12409 Thompson Corners, Jenniferchester, OH 05147
893	55732 Walker Oval, Kevintown, CO 03268
894	97373 Ashley Loop Apt. 313, New Jessica, CA 01635
895	353 Destiny Springs, Pittmanmouth, AZ 99231
896	0622 Tracy Course Apt. 377, South Jasonbury, MI 19071
897	75159 Jerry Rue Suite 227, East Charles, GU 00553
898	3714 Salazar Groves, North Kennethburgh, MT 20077
899	2908 Serrano Turnpike Suite 183, Josestad, RI 91218
900	1118 Michael Garden, Port Patrickchester, HI 16331
901	PSC 2697, Box 4222, APO AA 63710
902	295 Jordan Ridge, Katelynchester, KS 74342
903	91081 Burgess Orchard, South Andrew, VT 32725
904	97045 Hill Land, Simpsonchester, CA 10393
905	USCGC Hodges, FPO AE 92897
906	546 Dawn Squares Apt. 195, Bowenfort, OH 23738
907	0622 Angelica Vista Apt. 709, Lake Elizabeth, OH 75565
908	98989 Walker Spurs, Lake Tinafurt, UT 87829
909	6477 Garcia Parkways Apt. 587, New Codyside, FL 75080
910	845 Julian Station, North Justinhaven, WY 47395
911	407 Smith Isle Suite 260, Baileyside, MH 99850
912	36816 Brittany Trail Apt. 451, Grantstad, HI 29866
913	80135 Allen Village Apt. 599, Robinsonmouth, ND 95538
914	64206 Amanda Freeway, North Ianland, NY 61047
915	371 Daniel Divide, Daymouth, GU 51984
916	7699 Michael Ridge, Lake Jimmyville, MH 80019
917	170 Leonard Mission Suite 302, Davenportside, DE 33875
918	71348 Derek Drive, Perkinschester, TN 11813
919	589 Marissa Stravenue, Orozcoburgh, AZ 45442
920	51492 Burns Falls Suite 499, New Donna, MN 39599
921	2947 Sharon Trail, Brooksland, WA 65483
922	76865 Dean Squares Apt. 081, Rodriguezmouth, WA 85504
923	91466 John Dam Apt. 466, Gregoryborough, NJ 08520
924	23943 Washington Fords, Justinview, KY 74796
925	84212 Beverly Club, Townsendton, MP 37546
926	376 Tate Way Apt. 211, Port Monica, NM 43403
927	0019 Tracy Valleys Apt. 977, Stephanieside, PR 11163
928	416 Bell Trail Apt. 382, West Victoriafort, HI 16615
929	7577 Hensley Shores Apt. 537, South Margaret, MS 33322
930	5042 Hunter Cape, Yoderburgh, WV 57341
931	883 Daniel Summit, Wallchester, RI 85908
932	393 Carolyn Overpass, Reynoldschester, SC 08354
933	4198 Charles Throughway Apt. 230, Mcphersonview, ME 49885
934	1940 Anderson Hollow Apt. 202, Port Michelleton, OR 08143
935	34852 Stephanie Path Apt. 337, North Stacyland, LA 25895
936	USCGC Parker, FPO AE 61219
937	223 Holmes Rest Apt. 555, West Troy, PR 36399
938	618 Benjamin Plaza, New Traceybury, GU 75762
939	75272 Maldonado Squares, East Amandafort, NJ 06760
940	7185 Jose Meadow, Adamsborough, OH 69348
941	PSC 2599, Box 7398, APO AP 43984
942	075 Chapman Fords, Greenebury, VT 75082
943	5646 Franklin Path Suite 074, East Ethanville, WV 81488
944	040 David Ranch Suite 671, Kevinfurt, PA 95380
945	395 Michael Oval Apt. 963, Lake Steven, IL 57832
946	356 Robert Plaza Suite 550, South Josephborough, IL 44553
947	PSC 1509, Box 4135, APO AP 97067
948	USS Miller, FPO AE 30020
949	64163 Andrew Trail Apt. 694, Port Alexaborough, IA 62057
950	092 Hunter Plains Apt. 782, Debraton, LA 58234
951	2105 Jonathan Cliffs Apt. 337, East Allen, WY 43804
952	Unit 4015 Box 2716, DPO AE 39670
953	43421 Delgado Meadows Suite 648, Justintown, KY 38665
954	37054 Michael Route Suite 258, Port Barbara, NE 77354
955	138 Adam Shores, Smithstad, ME 29690
956	USCGC Brooks, FPO AE 48974
957	28283 Allen Stravenue, Danielleshire, MO 09773
958	8316 Ewing Underpass Apt. 998, North Linda, AL 75758
959	276 Rocha Ridge Apt. 179, Williamsstad, NY 48367
960	90626 Smith Park, Christophershire, MT 98420
961	02161 Williams Expressway, New Kayla, AS 86170
962	9067 George Lane Apt. 530, East Justin, MP 56481
963	75786 Mcdonald Motorway, New Madison, FM 62087
964	15491 Caitlyn Rapids Apt. 300, North Michelleland, OK 16059
965	012 Williams Fall Suite 509, Kimberlybury, MA 83079
966	5738 Amy Harbor Suite 418, Anthonymouth, AR 84518
967	78046 Meadows Estates, Ariasbury, LA 86222
968	91173 Johnathan Station Suite 226, Higginsborough, TN 53375
969	6968 Brown Turnpike, Williamland, MP 99934
970	16159 Brown Forest, Garciaside, NH 57004
971	458 Wilson River, South Richardburgh, NC 37249
972	999 Oscar Island, Lake Dorothychester, ME 02068
973	8521 Orr Glens Suite 164, South Davidberg, PW 57206
974	9270 Karen Meadows Suite 418, Alyssaside, AZ 97313
975	320 Tran Curve Apt. 856, Maryville, AR 48677
976	8780 Williams Bridge Suite 263, Tracyberg, VA 67850
977	66882 James Tunnel, Arnoldberg, KY 25725
978	743 Wade Point Suite 171, Lake Connie, MT 92286
979	738 Renee Stream, East Jorgemouth, SC 34850
980	133 Wright Mill Suite 956, New Amystad, CT 84560
981	600 Kristin Ways, North Elizabethshire, KY 94215
982	840 Savage Lane Apt. 025, South Alexander, GA 01965
983	2111 Trevino Trace, Amberville, CO 49466
984	07482 Charles Squares Suite 387, Listad, CO 75433
985	17642 Boone Radial Suite 911, Christinastad, UT 78588
986	34002 Herrera Knoll, Garyborough, PA 38097
987	06883 Jessica Lake Apt. 493, Bradtown, NE 58502
988	921 Love Roads, Lake Amy, CT 15119
989	62688 Lopez Parks Suite 850, South Tonya, DC 13513
990	3403 Margaret Junctions, Dianeville, VA 73567
991	4512 Oneal Ridges Suite 456, New Jasminefort, WY 53031
992	3278 Poole Mills Suite 452, West Tyrone, WA 54291
993	6530 Stephanie Road Suite 305, South Katelyn, IN 63974
994	85010 Torres Burgs Suite 939, Salinaschester, MP 75794
995	96192 Jessica Ville Apt. 542, East Deborah, NC 37384
996	39069 Robert Rapids Apt. 757, New Logan, CT 39230
997	80325 Peterson Neck, West Walter, WA 34323
998	66406 Garrett Alley, Tuckertown, VA 82027
999	6062 Amy Neck Suite 564, Martinstad, WV 30907
