0	Christopherview
1	Jasonland
2	Port Anthonybury
3	Robinsonton
4	Mcguirebury
5	Mirandamouth
6	East Curtis
7	Moraview
8	Jacquelinetown
9	East David
10	East Michelletown
11	Port Jackie
12	Port Jenniferfort
13	Wilcoxstad
14	Aaronchester
15	Scottport
16	New Emilymouth
17	Sandrafort
18	Jillberg
19	Gilbertbury
20	Lunaport
21	Williamsmouth
22	Ryanland
23	Patelfurt
24	Lake Veronicaview
25	South Laurie
26	North Sarahview
27	Lake Allisonshire
28	Monicahaven
29	Port Katherine
30	West Michael
31	Whitakermouth
32	Lake Victoriaburgh
33	Port Zachary
34	Travisshire
35	Lake Andrea
36	Parkport
37	Jessicamouth
38	Bryanberg
39	New Frances
40	Berryville
41	Jacobsonmouth
42	Mooreshire
43	Downsberg
44	Maryshire
45	Bowenburgh
46	Juanside
47	Elizabethport
48	Gonzalezville
49	Olsenport
50	Danielleview
51	North Adamport
52	Breannafort
53	Angelchester
54	Port Thomas
55	Burnsmouth
56	Philliphaven
57	South Daniellebury
58	Gabrielahaven
59	Meganton
60	North Antonioburgh
61	North Justin
62	East Deborah
63	West Lindsayside
64	Desireefort
65	Roachside
66	Kristinemouth
67	Blakebury
68	East Mackenzie
69	Lake Eric
70	Emilyport
71	Joshuastad
72	East Tonya
73	New Joyce
74	Fordmouth
75	Keithstad
76	Loweside
77	Abigailstad
78	East Eric
79	South Melissa
80	Lake Brandiburgh
81	Rachelville
82	Lake Kevinside
83	New Courtneyfurt
84	West Timothy
85	Johnshire
86	Castromouth
87	Olivermouth
88	Lake Katie
89	East Brendaborough
90	South Laurenfurt
91	Rebeccaburgh
92	New Rachel
93	Lake Kristen
94	South Sarah
95	Sandovalmouth
96	East Brianaburgh
97	New William
98	East Judithbury
99	North Benjaminhaven
100	Harryport
101	New Dennisshire
102	Lake Sarah
103	Rogershaven
104	New Emily
105	Brandonmouth
106	Glenchester
107	Port Angela
108	Melissafurt
109	North Curtisberg
110	Amberfort
111	South Amanda
112	Obrienmouth
113	Johnmouth
114	Michaelmouth
115	Lake Michelle
116	Jacksonbury
117	Lake Donna
118	South Taylor
119	New Steven
120	Mossshire
121	Lynchshire
122	West Morgan
123	Tammyhaven
124	East Tylershire
125	Joshuabury
126	Colemouth
127	Moodyport
128	East Patricia
129	Gomezberg
130	Lake Melissa
131	Monicaville
132	Port Robin
133	New Jackberg
134	Amyfort
135	Lake Andrewville
136	East Ryan
137	Port Yolanda
138	Taylorburgh
139	Danielview
140	Lake Tonya
141	Travisbury
142	Katrinashire
143	Lake Ashleymouth
144	Lake Davidland
145	Pamelaborough
146	Coopertown
147	South Kathleenborough
148	Delgadoburgh
149	New Kristina
150	Hannahfort
151	Carterberg
152	Ashleybury
153	North Mariahaven
154	Crystalfort
155	Johnsonton
156	East Brianchester
157	Lake Amber
158	Steeleville
159	Carterstad
160	Lake Kevinchester
161	North Christopherborough
162	Everettton
163	Brianahaven
164	Hernandezfort
165	West Christyhaven
166	Lake Meganborough
167	Toddborough
168	West Matthewberg
169	Port Catherine
170	North Marystad
171	Gibsonchester
172	South Kristinchester
173	North Dustin
174	Brooksburgh
175	Smithside
176	North Timothyfurt
177	Russellland
178	Davidfurt
179	New Tara
180	Jamesport
181	Hudsonland
182	Port Michaelhaven
183	Thompsonberg
184	Port Brett
185	Scotthaven
186	Ginaport
187	Wallfurt
188	Popemouth
189	Mitchellfurt
190	Foleymouth
191	South Sophiamouth
192	New Charlesmouth
193	Jasminefurt
194	Hillland
195	Port Mariamouth
196	Reynoldsland
197	East Victoriatown
198	West Robert
199	Alexanderside
200	Ambermouth
201	New Craigborough
202	Nelsonton
203	East Scott
204	Freemanburgh
205	Morenoborough
206	East Nicolestad
207	Gomezland
208	Charlestown
209	Stephenstown
210	North Christophertown
211	West Erinburgh
212	Christophermouth
213	Nicoleport
214	Donnaland
215	Hughesmouth
216	South Ricardo
217	Port Michael
218	Ibarrachester
219	West Chelseachester
220	South Hannah
221	East Lisaview
222	Choiville
223	Jonesborough
224	Douglasborough
225	Jacobstad
226	South Vanessamouth
227	East Timothyland
228	Prattfurt
229	Brandonport
230	New Jacob
231	Reyesberg
232	Lake Branditon
233	Kirstenberg
234	Lauramouth
235	South Kristen
236	South Andrew
237	Collinsfurt
238	West Dennis
239	Amytown
240	Lake Nicholasport
241	Gregorytown
242	East Danaburgh
243	East Sierratown
244	Howardtown
245	Williamberg
246	New Aaron
247	Port Williamland
248	North Loriland
249	Lake Erica
250	Keithborough
251	West Lisa
252	South Matthew
253	Lake Ashleyport
254	Carlosview
255	East Theresaburgh
256	West Laura
257	New Christina
258	Susanchester
259	Port Susanmouth
260	South Amy
261	Veronicafurt
262	Davidland
263	Brittanyland
264	Markview
265	New Joantown
266	Snowhaven
267	New Nicolemouth
268	Olivialand
269	Floresshire
270	Taylorborough
271	West Michealburgh
272	Mahoneyshire
273	West Johnbury
274	North Markview
275	East Annaville
276	Tylermouth
277	New Jasonmouth
278	Cynthiamouth
279	New Sarahtown
280	Lake Monique
281	Lake Ericburgh
282	Port Luistown
283	New Kathrynfurt
284	Waltertown
285	Richardmouth
286	Willieside
287	Dianeport
288	Soniaville
289	East Ernestton
290	West Jasminland
291	Campbellmouth
292	Stephenhaven
293	Port Tylerstad
294	South Brenda
295	Greenburgh
296	Lake Colton
297	Sandrashire
298	New Andrea
299	South Jeremystad
300	West Joseph
301	Wilsonton
302	Danielfurt
303	New Johnathan
304	New Scott
305	New John
306	North Kendra
307	Taylortown
308	Ronaldbury
309	Michaelbury
310	South Jamesfort
311	North Holly
312	South Ashleyburgh
313	New Richardshire
314	Simmonsview
315	Rodriguezview
316	Jonathanberg
317	Ashleyton
318	East Robert
319	Conniemouth
320	Lake Rachelberg
321	Coreybury
322	Port Lisaside
323	North Patrick
324	East Sandra
325	South Nicholasmouth
326	South Sandra
327	Baxterbury
328	Richardsfort
329	Fryhaven
330	East Elizabethville
331	Millerstad
332	West Sara
333	New Bonniechester
334	North Kelsey
335	North Jamesborough
336	West Jenniferhaven
337	Bradleyview
338	Port Gregoryton
339	Port April
340	Port William
341	East Robyn
342	North Kenneth
343	North Michellehaven
344	Marshallside
345	Baileyberg
346	South Joshua
347	South Rebeccatown
348	South Adamstad
349	Reedstad
350	East Destiny
351	Norriston
352	Hernandezside
353	Sharonfurt
354	Kellymouth
355	New Michael
356	Gregoryhaven
357	Lake Jessetown
358	Patriciaton
359	Russelltown
360	South Jamieberg
361	Lake Emily
362	Kelseyfurt
363	West Williamland
364	Rodriguezbury
365	Jasonchester
366	West Danielfurt
367	Brianchester
368	Port Kevinland
369	Romerochester
370	Careyfort
371	Holmesstad
372	Buckleyshire
373	Kellyshire
374	Lake Jerry
375	Johnsonfurt
376	East Melodyhaven
377	Reynoldschester
378	South Jerome
379	Frazierfort
380	Jonesstad
381	Port Kenneth
382	Omarhaven
383	New Robert
384	Port Carolside
385	Hufffurt
386	Johnsonberg
387	East Kimberly
388	New Jamesport
389	North Jason
390	Port Bethbury
391	Tiffanyhaven
392	Rollinsberg
393	Johnsontown
394	Simonville
395	Lake Johnstad
396	Port Kristine
397	Melissamouth
398	Phillipsville
399	Port Natalie
400	Mikeburgh
401	Heatherton
402	Lake Danielleport
403	West Amandaberg
404	Russellberg
405	Erinview
406	South Daniel
407	New Connietown
408	East Albert
409	New Denisemouth
410	East Marilyn
411	Port Brianland
412	Turnerberg
413	Carolhaven
414	Pottsshire
415	Brownstad
416	Port Kelly
417	Martinfurt
418	Vaughanhaven
419	Grayfort
420	Cindybury
421	Tracyland
422	Deborahview
423	Alexandertown
424	South Brianbury
425	Tammybury
426	Vazquezmouth
427	Hugheschester
428	Kevinville
429	Harrisburgh
430	West Jakeport
431	Sarahfort
432	South Hannahview
433	East Michelle
434	South Robert
435	Staceytown
436	Banksfurt
437	East Sarah
438	Matthewport
439	North Johnhaven
440	West Kathryn
441	Casemouth
442	East Donnastad
443	Port Brianbury
444	North Matthewtown
445	Thompsonview
446	Richardsonland
447	Thompsonstad
448	Garciafort
449	West Mitchelltown
450	West Alexandra
451	Lake Scott
452	East Jasmine
453	Andrewsmouth
454	Amyside
455	South Patricia
456	Michelleland
457	South Allenberg
458	Danielleberg
459	Potterbury
460	Lake Sandy
461	Castillobury
462	Kathleenland
463	Jenniferland
464	Heatherside
465	Jodichester
466	South Kennethchester
467	East Phillipborough
468	Jennamouth
469	East Jesus
470	New Suzanneborough
471	Donovanhaven
472	South Alicia
473	Port Nathaniel
474	Lopezton
475	South Adrian
476	Audreyshire
477	Port Amyfurt
478	Port Melissaside
479	New Jaclynberg
480	Port Aprilshire
481	North Thomas
482	Trevormouth
483	Lake Denise
484	Perezmouth
485	Port Sandra
486	Katrinaport
487	Rioston
488	North Pam
489	South Jesustown
490	North Devinborough
491	South Joanne
492	Port Frank
493	Turnertown
494	Greenmouth
495	New Jesseburgh
496	Port Heatherstad
497	West Elijahchester
498	Michaelburgh
499	Lake Stephanie
500	Lake Chelsea
501	Humphreyhaven
502	New Jesus
503	Joshuachester
504	West Keith
505	Phillipsburgh
506	East Kaitlyn
507	North Geoffrey
508	South Wanda
509	Lynnton
510	Huynhbury
511	Tonifurt
512	Port Johnmouth
513	New Jennifer
514	Angelaview
515	Davidhaven
516	Port Gregoryport
517	East Stephaniehaven
518	Lake Jamie
519	New Yvonneshire
520	New Sarah
521	Campbellton
522	Port Chad
523	Flemingport
524	Amandaport
525	East Karen
526	East Debra
527	North Conniebury
528	Davischester
529	South Mary
530	Paulhaven
531	Davidsonberg
532	East Joshuatown
533	Daniellechester
534	Phillipsshire
535	East Lynn
536	Port Davidmouth
537	South Ashleymouth
538	Hallton
539	Bridgesstad
540	West Ryan
541	New Matthew
542	Sotomouth
543	Longshire
544	Jeremyberg
545	Thomasstad
546	Karaborough
547	Loriland
548	Rothton
549	Annabury
550	Vargasberg
551	North Rebecca
552	Maymouth
553	Sherylview
554	Lake Jillfurt
555	Saundersshire
556	Port Leeburgh
557	Cynthiaview
558	Stanleytown
559	Scottview
560	Floresfurt
561	Lake Keithside
562	North Andreaberg
563	Port Hector
564	South Ryan
565	Lake Jared
566	Port Dorothyton
567	Rebeccafurt
568	Lake Kelly
569	East Jeffrey
570	New Angela
571	Timothystad
572	North Cameron
573	Clarkside
574	South Destinytown
575	Janetton
576	Port Ashley
577	Jimenezchester
578	North Lauraview
579	Jamesland
580	North Rachelfurt
581	Tannerstad
582	New David
583	South Janiceland
584	Robertview
585	New Paulville
586	Erinstad
587	Port Joe
588	Deborahland
589	Rochachester
590	Combston
591	Rossbury
592	Brittanychester
593	Rickyview
594	West Valerie
595	South Aaronview
596	Port Curtis
597	Thomasshire
598	Jasminehaven
599	Lake Scottbury
600	Joseport
601	Teresaburgh
602	New James
603	Smithport
604	Port Kevin
605	Richardstad
606	Port Charlesshire
607	Kimberlyburgh
608	Hernandezmouth
609	Coxfurt
610	Erinshire
611	Gilbertmouth
612	West Codyburgh
613	New Terryburgh
614	West Carol
615	West Melissa
616	Kimberlyside
617	Carrollland
618	West Maria
619	New Ianville
620	Levinefurt
621	Lake Nancy
622	Melaniefort
623	East Kaitlinborough
624	Petersonmouth
625	Warrenstad
626	East Jacobbury
627	Chavezborough
628	Lucerofort
629	Frenchside
630	South Crystalchester
631	Thomasview
632	Glennburgh
633	Ryantown
634	Port Elizabethview
635	North Krystal
636	New Lisamouth
637	North Felicia
638	East Rickland
639	Madisontown
640	Amandamouth
641	North Mary
642	Colemanville
643	Marcusville
644	Pettychester
645	Burtonmouth
646	East Feliciaberg
647	South Steven
648	Fischermouth
649	Morganfurt
650	Randystad
651	Thomaston
652	West Jenniferborough
653	Lake Colleen
654	Lake Ravenland
655	Kylechester
656	Lake Cheryl
657	Paulside
658	Jerryfurt
659	Wheelerville
660	Lake Elizabethview
661	East Catherine
662	Lake Melissaburgh
663	Leeport
664	Melissaville
665	Lake Lindseychester
666	Jesseview
667	Debbietown
668	Jamesburgh
669	Lake Robin
670	Angelastad
671	Lake Sarahhaven
672	South Victoria
673	West Michelle
674	Gonzalesport
675	Troymouth
676	Hannahhaven
677	East Monicaport
678	West Thomasmouth
679	South Melanie
680	Rodriguezshire
681	Robertsberg
682	North Laurafort
683	Port Philipton
684	Benitezburgh
685	Kristinmouth
686	Barrerachester
687	Lake Jillianport
688	New Jeantown
689	East Richardview
690	Meyerburgh
691	Newtonberg
692	Sheltonborough
693	West Danielle
694	Batesview
695	Carterborough
696	Stephaniemouth
697	Brianland
698	Ianport
699	West Jessicashire
700	West Henryport
701	Lisatown
702	Lake David
703	Jeremyburgh
704	South Kirsten
705	Bethanymouth
706	Blakeview
707	East Robertland
708	Bethanyland
709	East Michael
710	Shawhaven
711	Robertmouth
712	South Andrewchester
713	Andersonport
714	Seanshire
715	North Daniellechester
716	East Christopher
717	New Stephanie
718	North Krista
719	Port Jacobport
720	East Sophia
721	West Kennethtown
722	West Heidi
723	Watsonfort
724	West Brandonstad
725	South Matthewhaven
726	Ruizville
727	Jamesview
728	Michaelland
729	Sanchezstad
730	Jamesside
731	Grantland
732	Michaelstad
733	Romeroberg
734	Mckeeshire
735	Sheltonville
736	Samanthaside
737	Cobbshire
738	East Jacob
739	Marcuschester
740	Steveton
741	West Christophermouth
742	Muellerton
743	South Andrewfurt
744	New Stevenburgh
745	Michaeltown
746	South Emily
747	West Douglasmouth
748	South Michael
749	Kevinland
750	Jeffreyland
751	Jerryland
752	South Ambermouth
753	Mandyton
754	Campbellfort
755	New Rebeccabury
756	West William
757	Rogersfort
758	Lake Walterton
759	Brucechester
760	Port Gregory
761	North Samanthafort
762	Mercadochester
763	Brianside
764	Christineshire
765	Territon
766	Marktown
767	Stevenberg
768	Wilkinsshire
769	Webbbury
770	New Markville
771	Lake Annport
772	Lake April
773	West Alexisborough
774	Cherylmouth
775	West Jessicaborough
776	Scottland
777	North Eric
778	West Amberview
779	North Howard
780	Carlosborough
781	East Stuart
782	Patelchester
783	Port Catherineton
784	Justinburgh
785	South Evanmouth
786	South Elizabeth
787	Kellyfort
788	West Traceyshire
789	Gardnerview
790	Jamesfort
791	Jessefurt
792	Beckerbury
793	Lake Johnchester
794	North Anthonyton
795	East Shawnmouth
796	North Juliahaven
797	Raymondberg
798	Mooreton
799	Port Glenn
800	Ianview
801	North Randall
802	Davisbury
803	Burnschester
804	West Dustinstad
805	Melissatown
806	Lake Daniel
807	Staceyfurt
808	Robertland
809	Laurabury
810	Port Joelchester
811	East Stevenberg
812	Martinside
813	Mariechester
814	Andersonbury
815	Smithmouth
816	Petersontown
817	Port Brettmouth
818	Jonesland
819	Bradshire
820	Lake Jamiefurt
821	Clinestad
822	Port Christy
823	Port Anthonyside
824	Alyssatown
825	New Jillian
826	New Brian
827	Davisland
828	Lake Feliciaport
829	Stephensonbury
830	Justinshire
831	East Brittney
832	Wheelerfort
833	Banksside
834	South Anthony
835	Laurachester
836	North Makaylaland
837	Jenniferstad
838	East Brandonside
839	East Alexander
840	North Alejandro
841	East Colinshire
842	East Christopherview
843	New Josephport
844	West Andrea
845	Pattersontown
846	South Michellefurt
847	South Markbury
848	Jennastad
849	Stefanieburgh
850	Port Sherryfurt
851	Derrickton
852	New Stephenton
853	West Jaybury
854	Jacksonland
855	Justinmouth
856	Port Ethanmouth
857	East Erica
858	East Michaelville
859	South Donald
860	South Williamport
861	Larryberg
862	Medinafurt
863	Davidberg
864	Williamsville
865	West Monica
866	Dawnburgh
867	Hughesstad
868	Wangport
869	Ricemouth
870	North Wyatt
871	Herreraport
872	Port Seanmouth
873	Priceborough
874	Port Ryan
875	South Cheryl
876	New Michaelport
877	Lake Maureenview
878	Snowport
879	Port Lauraville
880	Rodgershaven
881	Port Anthony
882	Jenniferbury
883	East Dariusland
884	Mcculloughberg
885	West Kevin
886	Jodystad
887	Angelatown
888	Vincenttown
889	West Deannaberg
890	West Brittany
891	Kingshire
892	Lake Bryan
893	South Chrisborough
894	Port Kylestad
895	Lake Stacyport
896	South Ronald
897	Stephenfort
898	North Brandon
899	Gonzalezborough
900	Jodishire
901	North Crystalshire
902	New Chloe
903	Sharonland
904	Williamsborough
905	North Davidmouth
906	Port Jason
907	Port Dianestad
908	Allenside
909	Ashleyside
910	Port Taylor
911	Terrifort
912	South Chaseshire
913	North Jill
914	Jamestown
915	Meganmouth
916	South Gregoryton
917	Drakeberg
918	Joymouth
919	New Kimberlyport
920	North Tracy
921	Bridgethaven
922	West Devin
923	South Alyssatown
924	West Allison
925	North Paul
926	Jameshaven
927	Mariamouth
928	Joshuaburgh
929	North Sherri
930	West Melaniefurt
931	Michaelview
932	Kirkstad
933	South Carlton
934	South Thomas
935	South Davidstad
936	New Kevin
937	North Donnaberg
938	Lake Danielshire
939	East Tammy
940	Jamieport
941	New Ashleyview
942	Craigport
943	East Mariah
944	North Derekmouth
945	Lake Tammytown
946	Jasonview
947	South Rebeccaborough
948	Rodriguezside
949	New Mark
950	Freyfurt
951	Port Joshuamouth
952	West Catherine
953	Bethberg
954	East Mary
955	South Josephside
956	Wilsonmouth
957	Port Juanchester
958	North Roymouth
959	Andrewview
960	Angelamouth
961	Melissafort
962	Port Williamborough
963	Lake Robertmouth
964	South Danielle
965	Jasonmouth
966	Willisland
967	Roybury
968	New Michaelborough
969	New Katelynhaven
970	Port Emilyburgh
971	East Ashley
972	Jeffreystad
973	South Spencer
974	Paulton
975	Robinsonstad
976	South Jimmy
977	Michellestad
978	East Christianborough
979	Saundersbury
980	Lake Joseph
981	South Andrea
982	West Peterborough
983	Adamton
984	New Thomas
985	South Samanthatown
986	New Josephchester
987	Cameronland
988	Hunterville
989	West Sue
990	East Karenshire
991	Skinnerbury
992	Crossburgh
993	East Brandonbury
994	Timothybury
995	Mathewberg
996	Nicholsport
997	Duranborough
998	West Craigtown
999	East Nicholaschester
