0	Miller-Scott
1	Arroyo Inc
2	Rasmussen Group
3	Baker Group
4	Allen-Spears
5	Parrish-Murphy
6	Garcia Group
7	Baker-Edwards
8	Conner and Sons
9	Anderson Inc
10	Hensley Inc
11	Young, Graves and Garcia
12	Clark, Alvarez and Alvarez
13	Nelson-Gates
14	Hayes-Marshall
15	Moreno Ltd
16	Morgan-Briggs
17	Moss-Wu
18	Santos Group
19	Ramirez, Bennett and Stephens
20	Morales-Gray
21	Hamilton-Miller
22	Patel-Bennett
23	Branch, Hill and Daniel
24	Pham-Martinez
25	Wilkins-Davis
26	Hoover, Richardson and Curtis
27	Lin Inc
28	Watson Inc
29	Patterson, Cabrera and Kidd
30	Hebert and Sons
31	Mccarthy, Buckley and Moore
32	Hendrix, Vasquez and Carpenter
33	Pierce, Palmer and Park
34	Floyd-Mitchell
35	Stewart, Ramirez and Turner
36	Perez Ltd
37	Reeves Group
38	Oneill, Wilson and Jacobson
39	Ramos-Turner
40	Harrison, English and Taylor
41	Hood-Duncan
42	Strickland, Thompson and David
43	Moody-Phillips
44	Evans, Ortiz and Moore
45	Olsen-Collins
46	Jackson, Ramirez and Jones
47	Wu-Silva
48	Holder, Crawford and Johnson
49	Jennings-Chen
50	Herman-Burns
51	Dunlap-Long
52	Wilson, Fowler and Welch
53	Sutton-Sosa
54	Hill, James and Davis
55	Fuentes and Sons
56	Stuart LLC
57	Benitez and Sons
58	Reyes, Mendez and Holloway
59	Roman-Tran
60	Rodriguez, Reyes and Sanchez
61	Clarke-Bradford
62	Williams-Hall
63	Lewis and Sons
64	Wagner, Huerta and Hernandez
65	Howard, Mora and Torres
66	Stevenson-Harris
67	Oliver Inc
68	Ford-Higgins
69	Moran, Roberts and Cooper
70	Luna, Grant and Meyer
71	Huffman, Lee and Moore
72	Lopez, Castaneda and Davis
73	Sweeney, Nelson and Griffin
74	Valdez and Sons
75	Wu, Norris and Little
76	Rowland Ltd
77	Anderson-Mendoza
78	Young-Carpenter
79	Smith, Cook and Griffin
80	Stewart Ltd
81	Williams PLC
82	Lam-Harris
83	Mcbride-Maynard
84	Mitchell, Griffin and Esparza
85	Martin, Thomas and Santana
86	Yang PLC
87	Hunt, Myers and Gordon
88	Aguilar, Ford and Beck
89	Matthews and Sons
90	Gay PLC
91	Smith-Taylor
92	Salinas, Dunn and Miller
93	Rice LLC
94	Brown Inc
95	Anderson, Mccarthy and Ray
96	Randolph, Moran and James
97	Stone, Fitzgerald and Aguilar
98	Roberts Ltd
99	Nguyen, Frost and Hebert
100	Wilson LLC
101	Wise and Sons
102	Mullen, Atkinson and Hughes
103	Garcia and Sons
104	Fernandez-Tucker
105	Lane, Reynolds and Sloan
106	Reyes, Walsh and Morse
107	Allen-Harrison
108	Cooper-Harrell
109	Cain-Norris
110	Ramos-Smith
111	Wright, Keller and Sanchez
112	Smith-Garza
113	Moss-Duncan
114	Day, Lynch and Mckee
115	Cohen, Costa and Marks
116	Baker, Clements and Leonard
117	Willis, Baldwin and Lee
118	Cunningham LLC
119	Atkins-Barrett
120	Peterson-Alexander
121	Mueller and Sons
122	Barry Group
123	Jackson-Taylor
124	Farrell, Brooks and Mitchell
125	Jackson, Rocha and Ritter
126	Lopez, Anderson and Payne
127	Martinez-Smith
128	Gay and Sons
129	Walker-Marsh
130	Williamson, Taylor and Pace
131	Torres PLC
132	Thompson-Terrell
133	Daniel, Rose and Vasquez
134	Sanchez, Saunders and Perkins
135	Hudson, Griffin and Fox
136	Curtis Ltd
137	Munoz LLC
138	Mann Group
139	Yang-Hicks
140	Ruiz Group
141	Price Group
142	Payne and Sons
143	Kramer, Fowler and Vaughn
144	Stout-Carter
145	Harrison and Sons
146	Johnson, Carey and Mcknight
147	Duran, Welch and Patrick
148	Dawson-Bowers
149	Haas, Johnson and Williams
150	Brown Group
151	Friedman PLC
152	Steele-Dillon
153	Carter-Beasley
154	Rodgers LLC
155	Lowery-Valenzuela
156	Davis and Sons
157	Everett-Brown
158	Snyder, Mills and Hernandez
159	Curry, Jones and Howell
160	Jensen, Yu and Singleton
161	Campbell and Sons
162	Edwards and Sons
163	Townsend LLC
164	Miller, Houston and Watson
165	Hall-Moss
166	Howe, Macdonald and Myers
167	Stevenson, Fisher and Baxter
168	White, Thomas and Cruz
169	Hale Inc
170	Hoffman-Oconnor
171	Wong, Wilson and Mendoza
172	Bartlett-Adams
173	Davis-Anderson
174	Fernandez-Ryan
175	Rogers LLC
176	Snyder, Nolan and Rodriguez
177	Brown-Parrish
178	Mcdonald, Jones and Parks
179	Jones Group
180	Bell-Robertson
181	Oliver, Ellis and Owen
182	Ruiz-Kelley
183	Foster, Gonzalez and James
184	Mcdonald-Meadows
185	Shah-Cook
186	Jones, Fitzgerald and Keller
187	Vargas-Flores
188	Gray, Hill and Miller
189	Mathis Group
190	Stevens-Harris
191	Johnson, Haney and Johnson
192	Thompson, Henderson and Orozco
193	Ray PLC
194	Fernandez-Marshall
195	Garcia, Pineda and Gibson
196	Johnson, Yang and Martin
197	Davis-Montgomery
198	Cruz, Mccoy and White
199	Moreno-Gates
200	Robinson LLC
201	Watson, Morales and Hernandez
202	Jones-Chan
203	Stephens-Johnson
204	Brown Ltd
205	Bryan Inc
206	Maldonado-Livingston
207	Hill Group
208	Khan-Becker
209	Hopkins-Frank
210	Bean, Briggs and Reyes
211	Stein, Shannon and Martin
212	Young-Norman
213	Myers, Daugherty and Mayer
214	Roberts LLC
215	Shepard, Charles and Vazquez
216	Stevens PLC
217	Thompson Ltd
218	Scott, Choi and Burke
219	Bennett PLC
220	Mcintosh Group
221	Armstrong, Hancock and Meyers
222	Collins, Jones and Watson
223	Rodriguez, Cherry and Mcneil
224	Cook, Mcfarland and Wolfe
225	Webb Inc
226	Pratt-Gray
227	Roberts, Perez and Moore
228	Roberts Group
229	Smith-Anderson
230	Blackwell-Villegas
231	Costa PLC
232	Williams-Patton
233	Thomas, Hogan and Ellis
234	Mueller-Thompson
235	Smith-Gray
236	Sanders-Thompson
237	Sanchez PLC
238	Bowers-Smith
239	Wallace-Mitchell
240	Thompson-Smith
241	Walsh and Sons
242	Burton, Taylor and Browning
243	Boyer Group
244	Nelson-Terrell
245	Hart, Roberson and Hicks
246	Thomas Inc
247	Pollard, Robbins and Davis
248	Schmitt, Jones and Garcia
249	Brewer PLC
250	Newman Group
251	Roberts-Clark
252	Meadows LLC
253	Clark, Morgan and Smith
254	Smith, Green and Mills
255	Bradley-Miller
256	Boyer Ltd
257	Howard and Sons
258	Williamson, Cherry and Morgan
259	Garcia-Mullen
260	Anderson-Stephens
261	Ward, Barnes and Scott
262	Miller, Figueroa and Garza
263	Bailey LLC
264	Bishop Inc
265	Snow-Chandler
266	Wilson, Cunningham and Davidson
267	Tanner-Harrington
268	Flores-Moran
269	Porter, Reyes and Steele
270	Richardson-Jacobson
271	Vaughn PLC
272	Ward Group
273	Allen, Jones and Nguyen
274	Morrow-Fritz
275	Kim, Jennings and Jimenez
276	Key-Bates
277	Lewis, Ellis and Schultz
278	Martinez-Donovan
279	Sheppard and Sons
280	Salas, Jones and Moore
281	White, Johnson and Flores
282	James, Greer and Walter
283	Keller LLC
284	Gonzalez-Velez
285	Walters, Castro and Barrett
286	Curry-Dougherty
287	Johnson and Sons
288	Williams, Rogers and Garcia
289	Mcguire, Hanson and Simpson
290	Rivera-Horton
291	Ellis-Shaw
292	Shepherd LLC
293	Gay-Hurley
294	Chavez Group
295	Patterson-Wade
296	Bush LLC
297	Gonzalez, Pierce and Singh
298	Cortez, Moses and Perez
299	Moore-Nelson
300	Wilson-Wiggins
301	Rodriguez-Peck
302	White-King
303	Dixon LLC
304	Willis LLC
305	Mcclure Inc
306	Sheppard-Mcdonald
307	Miles, Johnson and Coleman
308	Perez, Diaz and Young
309	Nicholson, Graham and Curtis
310	Brown and Sons
311	Gibson Group
312	Jennings PLC
313	Vaughan-Perry
314	Adams Inc
315	Scott LLC
316	Thompson-Vance
317	Moore, Acosta and Hall
318	Brandt, Chambers and Garrett
319	Johnson-Lam
320	Cooper Inc
321	Proctor, Young and Williams
322	Bradford, Horton and Miller
323	White, Bradshaw and Brown
324	Carr-Doyle
325	Freeman and Sons
326	Burns, Soto and Tucker
327	Becker-Barron
328	Fry-Holmes
329	Estrada PLC
330	Santiago Inc
331	Cannon-Olson
332	Mcmahon-Gomez
333	Hardy, Contreras and Jackson
334	Mccoy-Bass
335	Fernandez Group
336	Lewis, Wise and Anthony
337	Lee and Sons
338	Collins PLC
339	Jordan, Hughes and Smith
340	Castillo Inc
341	Christensen and Sons
342	Kane and Sons
343	Herman and Sons
344	Phillips Inc
345	Hensley PLC
346	Marshall-Weaver
347	Bailey-Schwartz
348	Montes PLC
349	Burch LLC
350	Long Inc
351	Reilly Group
352	Cox LLC
353	Newman, Reed and Richardson
354	Allen Group
355	Rodriguez, Dougherty and Lynn
356	Snyder PLC
357	Knight, Hurley and Clayton
358	Carter-Haynes
359	Hart LLC
360	Weiss PLC
361	Newman Inc
362	Baker, Adams and Johnson
363	Henry, Jordan and Ayers
364	Clark-Barrett
365	Walker Ltd
366	Caldwell-Baker
367	James, Rodriguez and Nelson
368	Jones, Rodriguez and Perez
369	Miller Ltd
370	Brown, Ramirez and Lopez
371	Brown-Ortiz
372	Lloyd Inc
373	Wade, Jimenez and Haney
374	Hamilton, Ford and Thomas
375	Dean-Morales
376	Schmidt-Buckley
377	Rivera, Coleman and Hutchinson
378	Mcdaniel Group
379	Johnson-Brewer
380	Anderson Ltd
381	Mendez, Reynolds and Sparks
382	Walls-Walker
383	Martinez Group
384	Alvarado, Kennedy and Patterson
385	Ward-Mora
386	Juarez PLC
387	Edwards, Brown and Wagner
388	Fisher, Weiss and Montoya
389	Fletcher-Archer
390	Park Group
391	Bray and Sons
392	Maxwell Inc
393	Harris, Mitchell and Hawkins
394	Robinson Inc
395	Carney, Burnett and Good
396	Brennan, Hobbs and Lane
397	Coleman Group
398	Bailey PLC
399	Hancock, Kaiser and Clarke
400	Nguyen, Noble and Mccormick
401	Schneider, Phillips and Martinez
402	French Inc
403	Wood-Zimmerman
404	Wood Inc
405	Joseph LLC
406	Morris Ltd
407	French, Salazar and Jordan
408	Koch LLC
409	Rodriguez, Weber and Guerrero
410	Anderson, Rodriguez and Shields
411	Holt, Moreno and Richardson
412	Powers, Lewis and Garza
413	Black Ltd
414	Sanchez-Collier
415	Meyers Inc
416	Turner-Taylor
417	Greene-Walsh
418	Romero, Armstrong and Ayala
419	Parks-Jenkins
420	Brooks LLC
421	Roberts, Ward and Washington
422	Palmer, Ashley and Gray
423	Jennings-Scott
424	Underwood LLC
425	Klein-Jones
426	Wright, Green and Hawkins
427	Valdez Inc
428	Perry Ltd
429	Mahoney, Turner and Underwood
430	Vazquez-Rogers
431	Avery, Perry and Oliver
432	Turner-Garcia
433	Shields Ltd
434	Williams, Lopez and Collins
435	Huynh-Donovan
436	Davis, Hinton and Vaughn
437	Leblanc-Sanchez
438	Love, Ross and Small
439	Haynes Ltd
440	Simpson Group
441	Harris Ltd
442	Rogers-Collins
443	Wright Ltd
444	White, Hines and Ramos
445	Owens, Waller and Cunningham
446	Smith, Brown and Rowe
447	Davis LLC
448	Smith Ltd
449	Thompson-Adams
450	Lambert-Crane
451	Garcia-Tucker
452	Wood-Smith
453	Boyd-Roberson
454	Jackson, Alexander and Taylor
455	Anderson, Coleman and Williamson
456	Morgan, Payne and Munoz
457	Boyle LLC
458	Huffman-Davis
459	Ellis and Sons
460	Forbes, Little and Becker
461	Hernandez, Mendoza and Johnson
462	Clark LLC
463	Porter, Johnson and Meyer
464	Richardson and Sons
465	Callahan Ltd
466	Carey PLC
467	Flores, Poole and Garcia
468	Walls-Malone
469	Long and Sons
470	Fletcher-Murray
471	Hall Inc
472	Ali, Walter and Rojas
473	Kennedy, Andrews and Taylor
474	Johnson, Harrington and Bond
475	Sanders LLC
476	Lee Inc
477	Hart, Andrews and Cunningham
478	Williams, Kelley and Wilkins
479	Hudson, Hodge and Baker
480	Davidson, Hunt and Cantrell
481	Sherman PLC
482	Chambers-Silva
483	Kennedy PLC
484	Snyder-Murray
485	Leonard Group
486	Russell, Johnson and Farmer
487	Molina Group
488	Green, Rivera and Yang
489	Mcdaniel, Rios and Williams
490	Simmons PLC
491	House, Moran and Smith
492	Stevenson-Franklin
493	Baxter and Sons
494	Turner-Smith
495	Farrell, Reyes and Diaz
496	Franklin-Williams
497	Jones and Sons
498	Hays Ltd
499	Mcpherson-Davis
500	Hernandez-Mcmahon
501	Richardson-Shepherd
502	Padilla Group
503	Lee, Lynch and Sullivan
504	Young, Hall and Potter
505	Ramirez-Jenkins
506	Carter Group
507	Jones-Horton
508	Garner-Hoover
509	Goodman Ltd
510	Lopez, Jackson and George
511	Cooley-Campbell
512	Johnson, Huff and Fry
513	White Ltd
514	Velasquez, Ruiz and Jackson
515	Haas-Gray
516	Miller-Richards
517	Rice PLC
518	Hawkins-Adams
519	Wyatt PLC
520	Galloway and Sons
521	Mitchell-Moore
522	Marks-Frank
523	Harris, Manning and Aguilar
524	Contreras Ltd
525	Briggs, Lewis and Frederick
526	Houston, Campbell and Johnson
527	Hamilton Ltd
528	Armstrong-Herrera
529	Walker-Molina
530	Allen, Santos and Smith
531	Bryant, Wheeler and Hamilton
532	Cross PLC
533	Harmon Ltd
534	Kim and Sons
535	Gross, Cook and Dennis
536	Butler, Davis and Leonard
537	Ramirez Inc
538	Fowler-Davidson
539	Phillips-Bates
540	Huff, Moore and Davies
541	Garcia Inc
542	Knight-Benjamin
543	Sims, Owens and Brown
544	Soto, Bennett and Gomez
545	Bridges-Ward
546	Jordan-Lopez
547	Cooper, Hensley and Soto
548	Peters-Long
549	Melendez, Shannon and Gross
550	Perez-Duran
551	Thomas-Cox
552	Friedman, Lewis and Phillips
553	Brock-Jones
554	Johnson, Pennington and Silva
555	Dawson, Gibbs and Gibson
556	Hernandez-Hernandez
557	Gray, Murphy and Watson
558	Scott Ltd
559	Cabrera, Reyes and Pearson
560	Johnson, Saunders and Stevenson
561	King, Vega and Baker
562	King, Porter and Parker
563	Baker Ltd
564	Flores-Mcguire
565	Barrett and Sons
566	Oneill, Jones and Arnold
567	Clark and Sons
568	Clark-Graham
569	Pollard and Sons
570	Wyatt LLC
571	Cohen LLC
572	Bennett-Garner
573	Howell and Sons
574	Walker and Sons
575	Spencer, Barron and Wilkins
576	Olson-Charles
577	Clark-Kaufman
578	Rowland, Kim and Thomas
579	Singh, Padilla and Salazar
580	Castro and Sons
581	Marsh, Jimenez and Good
582	Graham, Davis and Bauer
583	Page, Gomez and Carr
584	Armstrong-Melendez
585	Bell, Payne and Green
586	Mccarthy-Davis
587	Payne, Cannon and Rivera
588	Case-Riley
589	Green and Sons
590	Martin-Bruce
591	Nguyen, Johnson and Harrison
592	Giles, Mclean and Hamilton
593	Owens Ltd
594	Cook Group
595	George-Morris
596	Nelson-Ayers
597	Sullivan LLC
598	Glass Inc
599	Nelson PLC
600	Melendez, Zimmerman and Rose
601	Miller, Ramos and Sanchez
602	Thomas-Carter
603	Compton-Martin
604	Gonzalez, Vasquez and Dickerson
605	Hopkins-White
606	Garcia-Collier
607	Ellison-King
608	West Inc
609	Holder LLC
610	Munoz Ltd
611	Hernandez-Krause
612	Peterson-Torres
613	Reid-Wallace
614	Horton, Turner and Jenkins
615	Ruiz, Ford and Bray
616	Rogers and Sons
617	Mccarthy, Martin and Rose
618	Richards LLC
619	May Ltd
620	Torres, Alexander and Burke
621	Gilbert, Jackson and Suarez
622	Joseph, Romero and Edwards
623	Benitez PLC
624	Hartman, Wolf and Levine
625	Lopez-Hutchinson
626	Bradford-Snyder
627	Adkins and Sons
628	Peterson-Oliver
629	Tran-Warren
630	Watts-Allen
631	Young-Chavez
632	Shelton Group
633	Sexton, French and Miranda
634	Bowers, Jones and Mccoy
635	Browning-Murray
636	Simpson-Rodgers
637	Graham-Smith
638	Todd LLC
639	Chase, Campbell and Brown
640	Johnson-Harper
641	House LLC
642	Smith Inc
643	Russell PLC
644	Maxwell LLC
645	Carter LLC
646	Johnson PLC
647	Coleman-Wilson
648	Mccoy-Simmons
649	Jenkins Group
650	Stevens, Church and White
651	Taylor Ltd
652	Vasquez Ltd
653	Fischer-Stewart
654	Greene-Rush
655	Harding, Adams and Freeman
656	Brooks-Logan
657	Cook LLC
658	Moore PLC
659	Miller-Orr
660	Green PLC
661	Watkins-Holland
662	Leonard, Daniels and Hughes
663	Reilly, Hall and Sanders
664	Kerr, Hunt and Rodriguez
665	Fuller, Walton and Mejia
666	Jacobson, Johnson and Lyons
667	Gross Group
668	Acosta Ltd
669	Farmer-Mckinney
670	Garcia-Wolfe
671	Combs, Shannon and Hall
672	Armstrong-King
673	Doyle-Howard
674	Mcintyre and Sons
675	Whitaker, Lee and Sloan
676	Grant-Valdez
677	Harper-Proctor
678	Arias, Serrano and Rich
679	Kirby, Blake and Simmons
680	Howard Group
681	Bradley, Rasmussen and Lyons
682	Gonzales, Day and Cooper
683	Owens-Barker
684	Cunningham, Hart and Clements
685	Farmer, Robinson and Hernandez
686	Cunningham-Edwards
687	Best PLC
688	Rodriguez-Mcgee
689	Roberts-Atkins
690	Lambert, Vincent and Thomas
691	Jones Inc
692	Mendoza-Carlson
693	Johnson, Myers and Mckenzie
694	Blake and Sons
695	Marquez Inc
696	Sullivan-Morris
697	Rhodes LLC
698	Johnson, Erickson and Howell
699	Davis, Powell and Ramirez
700	Barry, Carlson and Wallace
701	Campos, Rubio and Shelton
702	Welch LLC
703	Mitchell, Bates and Farmer
704	Carter-Lee
705	Lynn-Mcdonald
706	White-Soto
707	Smith, Chandler and Swanson
708	Mclaughlin, Miller and White
709	Murphy-Davis
710	Espinoza Inc
711	Padilla, Dixon and Vazquez
712	Perez-Wade
713	Woods Ltd
714	Nelson, Dunn and Gonzales
715	Davis Inc
716	Barnes Inc
717	Riley-Jones
718	Chang, Thomas and Davis
719	Shaw-Dickerson
720	Watson, Collins and Dawson
721	Smith-Henderson
722	Barnes, Carroll and Knight
723	Dillon-Willis
724	Little Group
725	Rubio, Burnett and Clark
726	Lewis-Finley
727	Miller-Adams
728	Logan Ltd
729	Saunders Inc
730	Jackson-Bartlett
731	Haley LLC
732	Villegas, Martinez and Terry
733	Watson-Harrison
734	Young, Kelly and Lee
735	Simpson-Yang
736	Johnson, Williams and Abbott
737	Myers and Sons
738	Black, Ruiz and Yu
739	Evans LLC
740	Cox-Atkins
741	Kelly-Alexander
742	Sanchez-Reed
743	Berger, James and Roy
744	Blevins, Bruce and Kim
745	Dunlap-Davis
746	Perkins, Adams and Walters
747	Erickson, Coleman and Solis
748	Woods LLC
749	Barker, Yang and Kennedy
750	Davis-Hardin
751	Marshall, Davis and Chapman
752	Lopez LLC
753	Navarro-Chung
754	Stevens-Soto
755	Rodriguez, Davis and Ramos
756	Johnson-Wilson
757	Smith Group
758	Valentine-Kramer
759	Gill Ltd
760	Wagner LLC
761	Collins LLC
762	Mccoy Group
763	Martin, Wilson and Thomas
764	Thompson-Bailey
765	Turner-Valencia
766	Wolfe, Walker and Davis
767	Mitchell Ltd
768	Lawson, Owens and Nolan
769	Carter, Johnson and Crawford
770	Webb-Jones
771	Wright, Quinn and Thomas
772	Mcdonald, Rogers and Mendoza
773	Mason, Wang and Williams
774	Bruce-Fowler
775	Dodson and Sons
776	Serrano-Huff
777	Davis PLC
778	Choi-Mercado
779	Kelly-Hampton
780	Howell-Berry
781	Dominguez, Savage and Rivera
782	Warren LLC
783	Finley-Hernandez
784	Wilkins-Perkins
785	Webb-Waters
786	Miller LLC
787	Fleming, Garcia and Smith
788	Bass, Harris and Stone
789	Patterson-Allen
790	Smith-Boyer
791	Bishop-Hogan
792	Snow-Rodriguez
793	Quinn-Lee
794	Scott-Miller
795	Moore Inc
796	Ryan-King
797	White LLC
798	Ochoa and Sons
799	Owens PLC
800	Patel-Gutierrez
801	Rodriguez, Lawson and Williams
802	Rodriguez-Santiago
803	Goodwin, Maynard and Rodriguez
804	Contreras-Cochran
805	White-Brown
806	Riggs-Riley
807	Gardner-Forbes
808	Cox-Davis
809	Hall-Barker
810	Schaefer, Sullivan and Whitaker
811	Boyle Inc
812	Johnson Inc
813	Valdez, White and Davis
814	Carpenter-Tapia
815	Smith, Black and Ross
816	Arnold and Sons
817	Brown, Moore and Thompson
818	White-Reese
819	Davis Group
820	Ritter and Sons
821	Burns-Tyler
822	Keller, Edwards and Medina
823	Cook-Wilson
824	Hopkins Inc
825	Meza-James
826	Armstrong-Bates
827	Wright Inc
828	Lawson Inc
829	Ford and Sons
830	Martin-Lucas
831	Grant, Rich and Decker
832	Wells-Adams
833	Smith-Love
834	Peterson-Orr
835	Bryan LLC
836	Edwards, Marshall and Jones
837	Williams-Lawrence
838	Harris, Bennett and Cline
839	Holt, Arellano and Reed
840	Hernandez, Morris and Walker
841	Davidson, Waters and Velasquez
842	Payne PLC
843	Johnson, Stone and Garcia
844	Wright, Brown and Gardner
845	Horne Inc
846	Johnson, Vega and Colon
847	Dunlap-Stephenson
848	Saunders, Bauer and Mitchell
849	Daugherty, Clark and Wheeler
850	Wheeler-Newman
851	Hernandez-Gonzalez
852	Banks-Cordova
853	Stevens Ltd
854	Norton-Pope
855	Fuentes-Wise
856	Davis Ltd
857	Cooper PLC
858	Jones-Williams
859	Thompson, Smith and Perez
860	Miller and Sons
861	Hunter PLC
862	Martinez-Adams
863	White-Arnold
864	Patterson-Smith
865	Mann, Stevens and Ball
866	Hansen Ltd
867	Mathews-Watson
868	Taylor-Johnson
869	Ware, Brown and Ellis
870	Brown, Wood and Riley
871	Hoover, Reynolds and Jackson
872	Roberts, Morrison and Baldwin
873	Johnson LLC
874	Walker Group
875	Villanueva, Joyce and Diaz
876	Figueroa Group
877	Richardson Ltd
878	Castillo Group
879	Baker-Miller
880	Armstrong, Medina and Roberson
881	Harmon-Martinez
882	Gallagher Ltd
883	Robertson, Lane and Coleman
884	Farmer, Valentine and Martin
885	Castaneda-Campbell
886	Jackson Group
887	Ward, Wang and Jacobs
888	Norton-Rice
889	West, Blair and Williams
890	Sandoval, Ayala and Cohen
891	Crawford, Chavez and Garrett
892	Moore-Vazquez
893	Price-Gonzalez
894	Bowers Group
895	Fisher Inc
896	Richardson, Conway and Randall
897	Brewer and Sons
898	Walter, Long and Herring
899	Jones, Shah and Sparks
900	Anthony, Ramos and Walters
901	Wilkinson LLC
902	Le-Odom
903	Rose Inc
904	Wilson Inc
905	Mccullough-Blanchard
906	Shepard LLC
907	Robertson-Singh
908	Riley-Tran
909	Le PLC
910	Gates PLC
911	Reed LLC
912	Tyler LLC
913	Valdez, King and Watkins
914	Brown, Hart and Graham
915	Lee, Kane and Fowler
916	Floyd LLC
917	Guerrero LLC
918	Hamilton LLC
919	Ellis-Burns
920	Randolph, Barnes and Quinn
921	Singleton Ltd
922	Singh-Hood
923	Black, Ballard and Smith
924	Andrews-Harris
925	Doyle, Giles and Brown
926	Cortez, Williams and Burke
927	Hutchinson, Wilson and Branch
928	Booker-Wiggins
929	Nielsen, Lopez and Clark
930	Smith, Sandoval and Cooper
931	Allen-Baxter
932	Baker, Chen and Todd
933	Nelson-Wood
934	Miller-Jones
935	Hall, Fitzgerald and Fowler
936	Larsen LLC
937	Alexander Inc
938	Thompson-Williams
939	Johnson-Newman
940	Beard-Bennett
941	Walters-Oliver
942	Phelps, Yang and Murphy
943	Chan, Carter and Davis
944	Rogers-Hudson
945	Martin, Taylor and Davis
946	Davis, Taylor and Rice
947	Tran, Allen and Cruz
948	Ramirez, Adams and Wagner
949	Rivera, Wilkins and Jones
950	Ramirez-Moore
951	Hahn Inc
952	Bradford-Cruz
953	Peterson-Hunt
954	Torres-Gomez
955	Morales Inc
956	Jenkins LLC
957	Walsh, Johnson and Martinez
958	Howard, Thompson and Turner
959	Smith PLC
960	Obrien Ltd
961	Alvarado PLC
962	Carlson, Anderson and Burch
963	Cole-Murphy
964	Rogers, Barnett and Griffith
965	Gross, Farley and Duncan
966	Diaz-Green
967	Farmer, Hernandez and Ortiz
968	Taylor Group
969	Davidson Group
970	Smith, Travis and Carter
971	Scott, Alvarez and Clayton
972	Rodriguez-Patel
973	Johnston LLC
974	Frey-Reyes
975	Berger, Mills and Solis
976	Flores-Rivera
977	Morgan, Fischer and Aguilar
978	Larsen Inc
979	Adams-Gardner
980	Perry Group
981	Smith, Ramirez and Fisher
982	Patterson PLC
983	Kelly-Wilson
984	Cunningham, Peters and Stevens
985	Olson PLC
986	Williams Group
987	Mcdaniel-Perez
988	Johnson, Kennedy and Graham
989	Mullins Group
990	Ferguson, Long and Johnson
991	Payne Inc
992	Lopez, Smith and Campos
993	Woodard, Rowe and Bennett
994	Walker PLC
995	Quinn, Roberts and Campbell
996	Deleon, Sanders and Williams
997	Poole, Brown and Robinson
998	Allen-Young
999	Heath-Watson
