0	christopher45@example.org
1	garciaanthony@example.org
2	drobinson@example.com
3	john49@example.com
4	jamesgarcia@example.com
5	joseph50@example.org
6	davidwilliams@example.org
7	palmerlaurie@example.com
8	glennjason@example.com
9	wwilcox@example.com
10	gatesrebecca@example.com
11	steven18@example.net
12	matthew74@example.net
13	wusally@example.net
14	ogilbert@example.com
15	richard67@example.com
16	vlee@example.com
17	rsmith@example.net
18	tonywilson@example.org
19	gwilkins@example.net
20	monica82@example.org
21	nathangarcia@example.com
22	vvincent@example.org
23	maryhendrix@example.com
24	elainedavidson@example.com
25	kristen45@example.net
26	bryan23@example.net
27	reevesrobert@example.net
28	russellrebecca@example.com
29	kevinleonard@example.org
30	mary97@example.net
31	brittanystewart@example.net
32	elizabeth46@example.org
33	danielolsen@example.com
34	danielle40@example.org
35	campospamela@example.net
36	jroberts@example.com
37	samantharuiz@example.com
38	xjones@example.com
39	abigail62@example.net
40	susansutton@example.net
41	megan01@example.org
42	fuenteseric@example.org
43	victoria26@example.net
44	robertsrobert@example.com
45	kennedyrachel@example.net
46	kristine74@example.org
47	cynthiajackson@example.org
48	vanessahernandez@example.net
49	emily45@example.com
50	james39@example.net
51	henryraymond@example.com
52	keith56@example.net
53	abigail53@example.org
54	kristylopez@example.net
55	haynesmelinda@example.com
56	pgarcia@example.com
57	anaduke@example.net
58	rowlandcourtney@example.com
59	matthewgray@example.org
60	jcarpenter@example.org
61	laura92@example.com
62	jennifersmith@example.org
63	mlam@example.org
64	ymcbride@example.net
65	rebecca92@example.net
66	carolhernandez@example.net
67	petergordon@example.net
68	hgarza@example.org
69	gary88@example.com
70	bergerjudith@example.org
71	milleradam@example.net
72	harry41@example.net
73	jennifermcknight@example.org
74	jenniferjames@example.net
75	brandimoore@example.org
76	adrienne52@example.org
77	gnelson@example.org
78	sarahgrant@example.com
79	paul11@example.org
80	amber79@example.org
81	aschmidt@example.net
82	cweber@example.com
83	margaretshaw@example.com
84	michael52@example.net
85	scott03@example.net
86	hannahharrison@example.com
87	lsmith@example.com
88	kmoss@example.net
89	wlynch@example.net
90	tanyamarks@example.net
91	tammy89@example.net
92	leeevan@example.com
93	thomas37@example.com
94	stephen14@example.org
95	patriciamorales@example.org
96	johnfarrell@example.com
97	daniel82@example.com
98	gordonjoshua@example.com
99	waredavid@example.org
100	gaygeorge@example.org
101	laurenlittle@example.com
102	meganlandry@example.org
103	daniel42@example.net
104	hriley@example.com
105	psmith@example.org
106	katrina90@example.net
107	jclayton@example.org
108	karamunoz@example.com
109	jasminesnyder@example.net
110	hickschristopher@example.com
111	paulmyers@example.net
112	samanthacarroll@example.net
113	hannah76@example.com
114	taylorgill@example.org
115	martinezsteven@example.net
116	crystal78@example.com
117	rodgersbradley@example.org
118	ptaylor@example.net
119	hsteele@example.com
120	ricky51@example.net
121	michael10@example.org
122	mharris@example.org
123	briana86@example.org
124	njones@example.com
125	yumegan@example.org
126	todd30@example.com
127	stephanie29@example.com
128	smithdanielle@example.com
129	vhall@example.com
130	myersamanda@example.net
131	mgates@example.org
132	thomaspaul@example.org
133	jsmith@example.net
134	wilsonchad@example.com
135	uellis@example.org
136	ifernandez@example.org
137	james49@example.com
138	rodriguezmichael@example.net
139	ithompson@example.net
140	lisajones@example.com
141	michael85@example.net
142	stephen67@example.net
143	kristen64@example.org
144	dlong@example.com
145	gutierrezpamela@example.org
146	allensarah@example.com
147	jasmine66@example.com
148	meyerbryce@example.com
149	steve31@example.net
150	jacksondawn@example.net
151	michaelkelley@example.com
152	rayamanda@example.net
153	steven81@example.org
154	cnelson@example.net
155	jefferydavis@example.net
156	lfreeman@example.com
157	gatescurtis@example.com
158	ashley52@example.org
159	charles07@example.net
160	camachobrian@example.net
161	bryanalan@example.net
162	joshuahodges@example.com
163	nicole45@example.net
164	kimberly16@example.com
165	patricia26@example.com
166	jamesrichardson@example.com
167	cmayer@example.com
168	christina63@example.com
169	thompsonjessica@example.com
170	mchoi@example.org
171	mjones@example.net
172	mdouglas@example.net
173	jacob58@example.org
174	mmcneil@example.com
175	lopezdonald@example.com
176	sholt@example.org
177	kellyburke@example.com
178	ireyes@example.org
179	nina91@example.net
180	brandon92@example.com
181	stephengray@example.org
182	ysmith@example.com
183	randy24@example.org
184	lukereed@example.org
185	hardyscott@example.com
186	gregory00@example.org
187	saraburton@example.org
188	boyerkrystal@example.com
189	jessica09@example.net
190	william22@example.net
191	acostakatrina@example.org
192	simsaustin@example.org
193	petersdeanna@example.com
194	keith33@example.com
195	colleen65@example.com
196	parkalexander@example.com
197	millsjoseph@example.org
198	theresaboyer@example.net
199	michaelfischer@example.net
200	susan61@example.org
201	david85@example.com
202	qscott@example.org
203	brittany15@example.com
204	allen06@example.com
205	claynicole@example.com
206	olivia16@example.com
207	ntaylor@example.net
208	brookskristi@example.net
209	hannahmahoney@example.net
210	wardtyler@example.org
211	johnsonfrank@example.com
212	fritzanna@example.org
213	tyler58@example.net
214	raymiguel@example.com
215	leslie90@example.org
216	jessicastanley@example.net
217	davidhanson@example.org
218	chase18@example.org
219	amedina@example.org
220	kellerlisa@example.com
221	stephenbaker@example.net
222	diane45@example.org
223	hernandeznicole@example.org
224	rogerscraig@example.net
225	vcampbell@example.net
226	stephen81@example.com
227	michael27@example.net
228	kgreen@example.net
229	janetpratt@example.net
230	amyduncan@example.net
231	mosesjeremy@example.com
232	jonathonbrewer@example.org
233	mitchelldarryl@example.net
234	qwhite@example.com
235	williamturner@example.org
236	nathanmcclure@example.org
237	dsheppard@example.net
238	nguyenharold@example.org
239	michael38@example.org
240	flee@example.org
241	lyonsbryan@example.net
242	rsalinas@example.org
243	avaughan@example.com
244	adamsdaniel@example.com
245	jonathan24@example.net
246	brandonyoung@example.com
247	connie50@example.net
248	michaelsmith@example.net
249	loridavenport@example.net
250	christopherdoyle@example.org
251	xbrown@example.net
252	kwright@example.net
253	obaxter@example.com
254	pbecker@example.com
255	lewismichael@example.net
256	santiagodavid@example.org
257	rmiller@example.com
258	markgray@example.net
259	fernandezkristen@example.net
260	brandonhoffman@example.org
261	leejames@example.com
262	qbradley@example.org
263	timothybrown@example.net
264	jamiehicks@example.org
265	robynanderson@example.com
266	millermichelle@example.net
267	imarshall@example.com
268	nicholas29@example.org
269	bhill@example.com
270	smithcraig@example.org
271	tara75@example.org
272	heather33@example.net
273	tnorris@example.org
274	ihernandez@example.net
275	sharon64@example.com
276	lauren95@example.com
277	loricooley@example.org
278	shellyhenson@example.com
279	stephanie76@example.com
280	ayersscott@example.net
281	jeffreypowers@example.net
282	kelsey61@example.com
283	ortizrandy@example.com
284	christophernorris@example.net
285	hickmandaniel@example.com
286	brian61@example.com
287	bishopmelissa@example.net
288	jburton@example.net
289	zdean@example.net
290	alyssa95@example.com
291	vwatkins@example.org
292	victorjohnson@example.net
293	omiller@example.net
294	yreynolds@example.com
295	robertmartinez@example.com
296	emaxwell@example.com
297	megan93@example.com
298	omar82@example.net
299	cfarmer@example.net
300	jenna63@example.net
301	jbryant@example.org
302	kimberlyjohnson@example.org
303	amy31@example.org
304	brownbeth@example.org
305	tiffany98@example.net
306	irollins@example.com
307	sanfordronald@example.com
308	brownjohn@example.com
309	victoriaclarke@example.net
310	melissa79@example.net
311	hphillips@example.net
312	kristinmartinez@example.com
313	billy25@example.net
314	davisdanielle@example.com
315	morriskaren@example.net
316	cheyennejordan@example.org
317	erin49@example.org
318	grodriguez@example.net
319	morenomichael@example.net
320	jasongarza@example.org
321	john90@example.org
322	gonzalespaul@example.net
323	carol98@example.net
324	rpotts@example.net
325	xbrown@example.org
326	natalie45@example.com
327	kwashington@example.net
328	egray@example.net
329	cindy34@example.com
330	belljohn@example.com
331	alexander90@example.org
332	vbrown@example.org
333	tammy37@example.net
334	rebecca96@example.com
335	trandall@example.org
336	perrymichelle@example.net
337	robertsdennis@example.net
338	sarah71@example.com
339	jonathan23@example.net
340	richardsmall@example.org
341	simpsonmary@example.com
342	jamescasey@example.com
343	laura11@example.org
344	mccoyhayden@example.net
345	dcase@example.net
346	gonzaleznicholas@example.net
347	gibbstina@example.org
348	smithgregory@example.net
349	rthompson@example.com
350	emily62@example.com
351	willie19@example.com
352	kellynicole@example.org
353	alexandra82@example.net
354	njohnson@example.net
355	shelbyandrews@example.net
356	michael89@example.net
357	sharienglish@example.com
358	fitzpatrickstephen@example.org
359	danielle29@example.com
360	barryjason@example.com
361	ocastillo@example.net
362	kathleen15@example.net
363	christophercampbell@example.org
364	jodi61@example.com
365	selena13@example.com
366	jason27@example.org
367	jesuswilliams@example.net
368	joanhoffman@example.net
369	scottjohnson@example.org
370	derek34@example.org
371	thomasschwartz@example.com
372	ballardjeffrey@example.com
373	hodgejose@example.net
374	hunttheresa@example.org
375	cisnerosapril@example.net
376	brianford@example.com
377	randerson@example.org
378	oschmidt@example.org
379	kfarmer@example.com
380	katrina49@example.net
381	drios@example.org
382	barronshelley@example.com
383	cassandrahouse@example.net
384	smithcarlos@example.net
385	pauldennis@example.net
386	nancyhernandez@example.com
387	julie86@example.com
388	hannah90@example.net
389	charleslopez@example.net
390	teresa15@example.org
391	oroberts@example.org
392	janetchavez@example.org
393	ghumphrey@example.org
394	kathrynboyer@example.com
395	nicholas24@example.com
396	lphillips@example.net
397	michael33@example.org
398	felicialopez@example.org
399	carol71@example.com
400	wilkinsoneric@example.org
401	whitekaren@example.net
402	phuynh@example.com
403	grayryan@example.com
404	linjoyce@example.net
405	allisonrichards@example.com
406	matthew80@example.org
407	kmitchell@example.com
408	rebeccafleming@example.net
409	aguilargeorge@example.net
410	amandacampbell@example.net
411	ccampbell@example.org
412	hamiltonevelyn@example.com
413	amanda43@example.org
414	lpeters@example.net
415	adriangarrett@example.org
416	udavis@example.com
417	judymaldonado@example.com
418	debrasantos@example.com
419	idavidson@example.net
420	whiteshane@example.com
421	ydavidson@example.com
422	elainequinn@example.org
423	lynnbrown@example.org
424	morganchristopher@example.net
425	tacevedo@example.net
426	nicholasgomez@example.com
427	gregory65@example.org
428	kevin68@example.com
429	klong@example.net
430	jeremy26@example.org
431	michael34@example.com
432	pattersonlinda@example.org
433	anna37@example.net
434	jhernandez@example.org
435	vmay@example.com
436	scottdorothy@example.com
437	ksaunders@example.net
438	hardinglee@example.org
439	cynthia49@example.net
440	stanley04@example.com
441	josemarquez@example.com
442	sdavis@example.org
443	johnsonvincent@example.org
444	paulcoleman@example.net
445	tinaclark@example.org
446	brian95@example.com
447	swright@example.org
448	ericadams@example.net
449	timothy52@example.org
450	robertsricky@example.com
451	kimdustin@example.net
452	janet90@example.net
453	michelemarsh@example.com
454	goodkaitlyn@example.org
455	bauerkendra@example.net
456	michael91@example.org
457	wintersoscar@example.net
458	ttanner@example.com
459	amygreen@example.com
460	weaveramy@example.com
461	ehooper@example.net
462	hcarey@example.com
463	michaelandrade@example.org
464	deborah17@example.net
465	bmclean@example.org
466	qross@example.org
467	brittany69@example.com
468	kscott@example.com
469	sullivanrachel@example.org
470	leethomas@example.net
471	jasmine81@example.net
472	xgarcia@example.com
473	kristincordova@example.com
474	donaldgonzalez@example.com
475	dickersonkenneth@example.org
476	craig46@example.com
477	christopher78@example.org
478	holderstephanie@example.org
479	heidihernandez@example.net
480	tpeterson@example.net
481	creid@example.com
482	aturner@example.net
483	qgilbert@example.com
484	rogersjames@example.net
485	angelawyatt@example.net
486	pflores@example.com
487	brendacollins@example.org
488	kimberly89@example.com
489	jacksonnatasha@example.net
490	romerolarry@example.org
491	xlevine@example.com
492	jacquelineenglish@example.net
493	ryanrodriguez@example.net
494	htran@example.com
495	grace32@example.com
496	stephenshields@example.org
497	flucero@example.net
498	xfrench@example.net
499	kimjimmy@example.net
500	rthomas@example.com
501	lesliebrock@example.org
502	gabriella43@example.org
503	antonio90@example.com
504	alfredenglish@example.org
505	ehamilton@example.com
506	adrian85@example.org
507	flowersryan@example.org
508	coopercrystal@example.com
509	robertsnyder@example.com
510	tammy22@example.org
511	travisboyer@example.com
512	ryan96@example.net
513	randy55@example.com
514	davisjennifer@example.org
515	deborahowens@example.net
516	chad48@example.com
517	deborahhumphrey@example.net
518	paul84@example.org
519	hjames@example.net
520	fieldscourtney@example.com
521	jaypeterson@example.net
522	bradshawmelissa@example.org
523	mlee@example.net
524	kathryn55@example.org
525	wolfecaroline@example.com
526	jesse49@example.com
527	wdoyle@example.org
528	mcintyremary@example.net
529	dianaestrada@example.net
530	desireewood@example.org
531	ronaldmoyer@example.org
532	michelle99@example.com
533	vday@example.com
534	sowens@example.com
535	robinsonedward@example.com
536	edwardscarlos@example.com
537	steveduarte@example.com
538	davisbrenda@example.com
539	destinygarcia@example.org
540	karenjones@example.org
541	mmendoza@example.net
542	boonemadison@example.org
543	xbenitez@example.org
544	kristin56@example.com
545	vsmith@example.com
546	obrienshawn@example.org
547	hernandezjeffrey@example.com
548	caitlinwallace@example.net
549	susanshelton@example.org
550	michaelmitchell@example.net
551	nicole74@example.org
552	susanlynn@example.com
553	brian15@example.org
554	dawn49@example.net
555	adamschristopher@example.com
556	lisa02@example.net
557	smithjane@example.net
558	jeremy22@example.com
559	bethany75@example.org
560	scottjames@example.org
561	cartermallory@example.net
562	dustindavis@example.com
563	melissa56@example.com
564	jennifer60@example.net
565	pheath@example.com
566	ashleyknight@example.com
567	garciaalexandra@example.com
568	jasongonzales@example.net
569	christopher43@example.org
570	jennifer30@example.com
571	rachelharris@example.org
572	kenneth02@example.com
573	ronald17@example.net
574	jacknelson@example.org
575	tyler88@example.org
576	brandon51@example.com
577	ian87@example.com
578	evanslisa@example.com
579	darren15@example.com
580	palvarado@example.net
581	ashley66@example.org
582	fgrant@example.net
583	michael95@example.com
584	thomascook@example.net
585	gshelton@example.com
586	marksamber@example.org
587	virginialopez@example.com
588	jessica57@example.net
589	harmonmatthew@example.com
590	bpowell@example.org
591	harrisonalexander@example.com
592	stacey01@example.net
593	tedwards@example.com
594	andrew37@example.net
595	laurenhill@example.net
596	wthompson@example.com
597	kevin19@example.net
598	jeffrey15@example.org
599	charles90@example.com
600	bbowen@example.org
601	ecampbell@example.org
602	susanferguson@example.com
603	zcoleman@example.com
604	vegathomas@example.net
605	lynchmegan@example.net
606	zwise@example.org
607	fserrano@example.org
608	uchoi@example.com
609	brian85@example.net
610	audreymccann@example.net
611	savagemark@example.org
612	steven27@example.com
613	xwebb@example.org
614	howellwyatt@example.org
615	davidsonmartha@example.org
616	ronald31@example.com
617	mannjamie@example.net
618	laurawest@example.net
619	valentinejessica@example.org
620	fscott@example.org
621	moorebrandon@example.net
622	david25@example.com
623	ochoajohn@example.org
624	frussell@example.net
625	tgutierrez@example.org
626	brent41@example.net
627	gracecastro@example.net
628	griffincasey@example.org
629	zcontreras@example.com
630	harold05@example.net
631	rgardner@example.com
632	coltonmorgan@example.com
633	tsullivan@example.org
634	cordovajohn@example.com
635	rodriguezmarcus@example.net
636	whitecollin@example.com
637	tapiajulia@example.net
638	raymond28@example.com
639	tonyabrown@example.org
640	jeffwhite@example.net
641	george67@example.org
642	raymondmarshall@example.com
643	edwardsamanda@example.com
644	melissa02@example.net
645	smithstacey@example.com
646	robert14@example.org
647	juliejones@example.org
648	dgarcia@example.org
649	pmartin@example.net
650	marie67@example.org
651	joe02@example.net
652	nicholas40@example.org
653	riveralee@example.com
654	joneslarry@example.org
655	zimmermanthomas@example.com
656	mweeks@example.net
657	james92@example.com
658	tracycurtis@example.org
659	garciajoseph@example.net
660	hernandezjillian@example.net
661	alexandragarcia@example.com
662	hornecalvin@example.org
663	sherri34@example.com
664	haroldherrera@example.net
665	mhernandez@example.com
666	ibanks@example.org
667	qjohnson@example.net
668	xfuentes@example.net
669	davisjennifer@example.com
670	chad01@example.net
671	dustinmunoz@example.org
672	millerjeffrey@example.net
673	lopezluis@example.org
674	carol24@example.net
675	apatterson@example.net
676	stevensjennifer@example.org
677	pmurphy@example.net
678	jenna54@example.org
679	rowesally@example.com
680	derrick00@example.net
681	drocha@example.org
682	jay93@example.com
683	garymalone@example.com
684	carrie02@example.org
685	evan69@example.org
686	michaelli@example.net
687	ryanrichardson@example.net
688	castillotimothy@example.com
689	christopher96@example.net
690	iharmon@example.org
691	wwilliams@example.org
692	johnnysimmons@example.net
693	dawn26@example.com
694	robert94@example.com
695	omay@example.org
696	therrera@example.net
697	randalleric@example.net
698	mprice@example.net
699	kristenmorales@example.com
700	kelleyheather@example.com
701	brewerjacob@example.com
702	ssnow@example.net
703	walterkristi@example.org
704	ramoscynthia@example.org
705	woodjennifer@example.org
706	gonzalezmatthew@example.com
707	sheliamorgan@example.net
708	jody59@example.com
709	anthonyreed@example.org
710	reednicholas@example.org
711	kennethvaldez@example.com
712	jillrichards@example.org
713	floydteresa@example.org
714	john64@example.com
715	otaylor@example.org
716	johnsonsarah@example.com
717	jessicalee@example.net
718	jodi98@example.org
719	mccoybailey@example.org
720	sharon19@example.net
721	mwilliams@example.org
722	wilsonveronica@example.com
723	mariahpatrick@example.org
724	maxwell73@example.net
725	ashley83@example.com
726	michele71@example.com
727	lutzjesse@example.net
728	james04@example.org
729	ycarpenter@example.org
730	bradleyhenderson@example.com
731	ybeard@example.com
732	tanyaphelps@example.net
733	andres43@example.org
734	lbennett@example.net
735	justinramirez@example.com
736	smithluke@example.com
737	christopherjohns@example.com
738	josephwagner@example.net
739	justin15@example.com
740	ericsmith@example.com
741	kentmichael@example.com
742	vscott@example.com
743	kirk51@example.com
744	durhamgabriel@example.com
745	maria80@example.com
746	cynthiahoward@example.org
747	brittany08@example.org
748	alvaradobrenda@example.net
749	ericgarza@example.com
750	zjohnson@example.net
751	jamie40@example.net
752	michael44@example.net
753	eduardoortiz@example.org
754	amberwilliams@example.com
755	carpenterjackie@example.org
756	alan36@example.org
757	patelfrank@example.com
758	michelle62@example.com
759	soliskerry@example.org
760	catherine59@example.org
761	johnryan@example.com
762	mike71@example.com
763	rschultz@example.com
764	millerstephen@example.net
765	hkelly@example.com
766	angela75@example.org
767	gwilliams@example.org
768	craignicholas@example.com
769	rodneyjohnson@example.com
770	wadams@example.com
771	ewillis@example.com
772	wrightbrian@example.com
773	byrdfelicia@example.net
774	alexandramiller@example.net
775	kpadilla@example.org
776	ashleypatel@example.net
777	jeffrey58@example.org
778	ygibson@example.net
779	cruzcharles@example.org
780	wyoung@example.net
781	kylie31@example.net
782	amysaunders@example.org
783	haileymartin@example.com
784	alexandra68@example.com
785	phillipsrenee@example.com
786	halljeffrey@example.com
787	rwilson@example.org
788	stonesarah@example.net
789	mcameron@example.net
790	reyesjermaine@example.org
791	jonathaneverett@example.org
792	karenmclaughlin@example.net
793	oskinner@example.net
794	andreaortiz@example.com
795	alexanderbrowning@example.org
796	sancheztimothy@example.org
797	mathew24@example.org
798	amiller@example.net
799	wturner@example.net
800	nicolephillips@example.org
801	smithnicholas@example.net
802	ksimpson@example.org
803	doylejill@example.com
804	harrisonabigail@example.org
805	angelhawkins@example.net
806	josejenkins@example.com
807	ricardo67@example.net
808	bradley88@example.com
809	zparker@example.org
810	rebecca30@example.net
811	rojasthomas@example.net
812	josephdaniel@example.org
813	qadkins@example.com
814	janetnorman@example.com
815	lmoore@example.net
816	jasminmoore@example.org
817	lambertchristine@example.org
818	herreralawrence@example.com
819	lunakevin@example.net
820	qlewis@example.org
821	castrojason@example.net
822	brittany62@example.org
823	gliu@example.net
824	davidramirez@example.net
825	michaelkeller@example.net
826	blairpeter@example.com
827	jessica95@example.com
828	csalas@example.org
829	victor89@example.net
830	cynthia99@example.com
831	dylanriley@example.net
832	cbrown@example.com
833	lunaanthony@example.net
834	alexis60@example.net
835	gbrady@example.net
836	gfritz@example.net
837	lindsay75@example.net
838	wesley47@example.org
839	barnettantonio@example.com
840	aharris@example.org
841	earl15@example.org
842	josephmarshall@example.com
843	tsmith@example.com
844	brandon03@example.com
845	ssmith@example.org
846	kfitzpatrick@example.org
847	brian29@example.com
848	aguilarjustin@example.org
849	pcarr@example.net
850	valentinetamara@example.com
851	stephanie74@example.com
852	jessicavalentine@example.org
853	travis15@example.org
854	mcdanielcory@example.org
855	ksmith@example.org
856	usanchez@example.com
857	weisselizabeth@example.net
858	stewartjustin@example.com
859	nconley@example.net
860	bcruz@example.net
861	eedwards@example.net
862	stewartkelli@example.com
863	stonecatherine@example.com
864	crystalsnyder@example.net
865	sharon05@example.org
866	nicholasstephenson@example.org
867	wallsantonio@example.net
868	johnpadilla@example.org
869	jacquelinewalsh@example.org
870	tamijackson@example.net
871	adamwalls@example.net
872	alexispatterson@example.net
873	jenniferhaynes@example.org
874	amy38@example.com
875	rhonda41@example.net
876	qrobinson@example.org
877	hmartin@example.net
878	vmcconnell@example.org
879	sthompson@example.org
880	michellecrawford@example.net
881	susan70@example.net
882	timothy05@example.net
883	pward@example.com
884	dana65@example.org
885	michaelduke@example.org
886	jenniferpeterson@example.net
887	ywood@example.net
888	stephen59@example.org
889	christopheranderson@example.com
890	aaronwyatt@example.com
891	lopezpatricia@example.org
892	stevenanderson@example.com
893	nathan34@example.org
894	ccarroll@example.com
895	jevans@example.com
896	xdean@example.org
897	flawson@example.org
898	lisaponce@example.com
899	travispeterson@example.net
900	jessicamorris@example.net
901	monica17@example.com
902	christianevans@example.net
903	ljackson@example.org
904	traciaguilar@example.org
905	terrykari@example.org
906	avilaseth@example.com
907	rbrown@example.com
908	sfox@example.net
909	jamesjackson@example.net
910	xavier06@example.org
911	allison67@example.org
912	xguerrero@example.net
913	kbrown@example.com
914	alexmartinez@example.org
915	garciaandrew@example.com
916	benjamincruz@example.org
917	livingstonanthony@example.org
918	xmedina@example.net
919	ejohnston@example.com
920	danielstiffany@example.net
921	crystal48@example.net
922	jandersen@example.org
923	tommywilliams@example.org
924	melissasweeney@example.org
925	moorehunter@example.com
926	rebecca80@example.net
927	jessicagarcia@example.org
928	adamskeith@example.com
929	angela30@example.net
930	riveratiffany@example.net
931	handerson@example.com
932	brandon57@example.com
933	mcknightjulie@example.org
934	reynoldsbrendan@example.com
935	james21@example.com
936	anthonyryan@example.com
937	jessica57@example.com
938	anne66@example.net
939	kbarrett@example.org
940	millervernon@example.com
941	caldwelldustin@example.net
942	hgray@example.com
943	evelyn32@example.com
944	michael51@example.com
945	ulopez@example.org
946	kathrynbrady@example.net
947	mitchellsarah@example.com
948	cartergregory@example.com
949	greenmelissa@example.com
950	patricia42@example.com
951	eric77@example.com
952	amymedina@example.net
953	collinsamy@example.org
954	justin53@example.org
955	veronica57@example.org
956	amanda73@example.org
957	velliott@example.net
958	colejohnny@example.net
959	fosterscott@example.net
960	tgonzales@example.org
961	timothy13@example.org
962	andersonsean@example.com
963	cannonlauren@example.com
964	patrick99@example.com
965	barbara40@example.com
966	powelldale@example.com
967	timothy18@example.net
968	marymartin@example.com
969	debbie38@example.com
970	myates@example.net
971	lowerycalvin@example.net
972	darinzimmerman@example.org
973	dixonantonio@example.org
974	scottdiaz@example.com
975	brian63@example.org
976	jason23@example.com
977	matthew95@example.org
978	edwardsdavid@example.org
979	caseychristopher@example.net
980	michelle94@example.org
981	jeffrey30@example.net
982	mayokristen@example.net
983	ufarmer@example.net
984	dhernandez@example.net
985	edwardholt@example.net
986	trevortaylor@example.com
987	charlessolis@example.com
988	vpace@example.net
989	sydneyvazquez@example.net
990	sherri93@example.org
991	ncharles@example.org
992	christensenchristopher@example.com
993	taylorharris@example.net
994	zsoto@example.com
995	stevenortiz@example.org
996	whiteheadlaura@example.com
997	khogan@example.net
998	amber09@example.com
999	bethany23@example.com
