0	Melvin
1	Jane
2	Nicolas
3	Dillon
4	Sherri
5	Corey
6	Barry
7	Aaron
8	Mikayla
9	Janet
10	Samuel
11	Garrett
12	Alison
13	Mariah
14	Damon
15	Nathan
16	Kent
17	Adrienne
18	Logan
19	Kellie
20	Hailey
21	Bryce
22	Bill
23	Lance
24	Kaitlin
25	Kristi
26	Luis
27	Lawrence
28	Kyle
29	Jerome
30	Cesar
31	Marco
32	Ross
33	Tanner
34	Jeanne
35	Eileen
36	Annette
37	Lauren
38	Joshua
39	Deanna
40	Daniel
41	James
42	Doris
43	Wayne
44	Adrian
45	Tina
46	Hector
47	Anne
48	Francis
49	Devin
50	Marc
51	Autumn
52	Phyllis
53	Jon
54	Scott
55	Linda
56	Pedro
57	Pam
58	Eugene
59	Monique
60	Brent
61	Sharon
62	Gordon
63	Gene
64	Aimee
65	Vanessa
66	Brendan
67	Cole
68	Lee
69	Emma
70	Zoe
71	Jorge
72	Fred
73	Cheyenne
74	Benjamin
75	Stephen
76	Meghan
77	Mason
78	Priscilla
79	Carmen
80	Yvonne
81	Denise
82	Brenda
83	Angelica
84	Cory
85	Jim
86	Brandon
87	Kristopher
88	Desiree
89	Brandi
90	Tony
91	Carol
92	Jacqueline
93	Alisha
94	Jocelyn
95	Micheal
96	Robert
97	Chelsey
98	Darrell
99	Jonathan
100	Austin
101	Nicholas
102	Jasmine
103	Jacob
104	Jack
105	John
106	Lacey
107	Sylvia
108	Darren
109	Dakota
110	Dawn
111	Edward
112	Willie
113	Devon
114	Evan
115	Maxwell
116	Gloria
117	Ethan
118	Clinton
119	Gabriela
120	Nichole
121	Mindy
122	Cameron
123	Frances
124	Sally
125	Lori
126	Brandy
127	Laurie
128	Harold
129	Larry
130	Melinda
131	Julie
132	Melissa
133	Whitney
134	Kirsten
135	Olivia
136	Matthew
137	Howard
138	Harry
139	Roy
140	Claire
141	Kaylee
142	Mary
143	Rita
144	Nancy
145	Ray
146	Kristin
147	Caitlin
148	Danielle
149	Tracey
150	Tim
151	Jeremiah
152	Haley
153	Sara
154	Glenda
155	Randall
156	Phillip
157	Hayley
158	Shaun
159	Miguel
160	Tanya
161	Clifford
162	Mallory
163	Grace
164	Caitlyn
165	Randy
166	Jake
167	Danny
168	Jeremy
169	Jerry
170	Leslie
171	Jill
172	Diane
173	Brad
174	Cody
175	Shirley
176	Gail
177	Ashley
178	Alexandria
179	Billy
180	Tracy
181	Jimmy
182	Alvin
183	Judy
184	Shannon
185	Isaac
186	Collin
187	Nathaniel
188	Natalie
189	Allison
190	Calvin
191	Kim
192	Alexa
193	Molly
194	Eric
195	Sandy
196	Rhonda
197	Ricky
198	Heather
199	Luke
200	Pamela
201	Greg
202	Angel
203	Stanley
204	Andrew
205	Dustin
206	Ronnie
207	Kelsey
208	Chloe
209	Mckenzie
210	Diana
211	Peggy
212	Stuart
213	Brady
214	Kylie
215	Tonya
216	Jesse
217	Eddie
218	Jesus
219	Kenneth
220	Ian
221	Jennifer
222	Mia
223	Cindy
224	Mathew
225	Theresa
226	Leah
227	Donna
228	Selena
229	Oscar
230	Katrina
231	Candace
232	Sergio
233	Michael
234	Raven
235	Joel
236	Jasmin
237	Christy
238	Joyce
239	Alex
240	Hunter
241	Becky
242	Theodore
243	Earl
244	Isaiah
245	Sierra
246	Christian
247	Latasha
248	Kathleen
249	Alexandra
250	Ellen
251	Kristie
252	Jodi
253	Bradley
254	Jeffrey
255	Mackenzie
256	Dale
257	Jared
258	Lucas
259	Kara
260	Latoya
261	Manuel
262	Stephanie
263	Carlos
264	Gregg
265	Jackson
266	Frank
267	Sonia
268	Curtis
269	Meagan
270	Johnathan
271	Perry
272	Alejandro
273	Michaela
274	Gina
275	Cristina
276	Alec
277	Sean
278	Alyssa
279	Darlene
280	Katelyn
281	Shawn
282	Leonard
283	Brooke
284	Cassie
285	Walter
286	Caroline
287	Casey
288	Gilbert
289	Sandra
290	Madison
291	Jenna
292	Sheri
293	Alexis
294	Gabrielle
295	Bernard
296	Andrea
297	Kelly
298	Darryl
299	Xavier
300	Jean
301	Katherine
302	Jaime
303	Ernest
304	Jamie
305	Derek
306	Vernon
307	Kristy
308	Tyrone
309	Virginia
310	Rachael
311	Stacie
312	Justin
313	Debbie
314	Nicole
315	Cristian
316	Daryl
317	Patty
318	Craig
319	Michele
320	Rickey
321	Alejandra
322	Christine
323	Destiny
324	George
325	Lindsay
326	Gregory
327	Alice
328	Summer
329	Cassidy
330	Robyn
331	Tammy
332	Lydia
333	Renee
334	Spencer
335	Martha
336	Preston
337	Holly
338	Johnny
339	Bianca
340	Seth
341	Gabriella
342	Roberta
343	Taylor
344	Paula
345	Victor
346	Makayla
347	Bryan
348	Brittney
349	Catherine
350	Allen
351	Paul
352	Bailey
353	Trevor
354	Ana
355	Paige
356	Reginald
357	Shelby
358	Jo
359	Malik
360	Dean
361	Kelli
362	Sonya
363	Veronica
364	Vickie
365	Jade
366	Sheila
367	Elizabeth
368	Joseph
369	Ralph
370	Glen
371	Omar
372	Emily
373	Terri
374	Alicia
375	Warren
376	Franklin
377	Julia
378	Joe
379	Toni
380	Katie
381	Jeff
382	Wendy
383	Monica
384	Edgar
385	Julian
386	Roger
387	Terrance
388	Alfred
389	Helen
390	Henry
391	Valerie
392	Darius
393	Isabel
394	Deborah
395	Kristine
396	Rick
397	Edwin
398	Adriana
399	Kerri
400	Megan
401	Christina
402	Regina
403	Jordan
404	Anna
405	Chase
406	Bridget
407	Douglas
408	Joanna
409	Morgan
410	Steve
411	Gerald
412	Angela
413	Dana
414	Tracie
415	Teresa
416	Colton
417	Donald
418	Tami
419	Mario
420	Glenn
421	Sherry
422	Kaitlyn
423	Debra
424	Amber
425	Bruce
426	Natasha
427	Hannah
428	Kayla
429	Grant
430	Yolanda
431	Louis
432	Sue
433	Chad
434	Erica
435	Don
436	Dave
437	Krystal
438	Jonathon
439	Jessica
440	Connie
441	Gavin
442	Charlene
443	Ashlee
444	Kerry
445	Karen
446	Martin
447	Rebekah
448	Troy
449	Kristen
450	Carla
451	Penny
452	Erik
453	Wyatt
454	Neil
455	Keith
456	Chelsea
457	Dominique
458	David
459	Geoffrey
460	Bob
461	Tara
462	Kendra
463	Connor
464	Brittany
465	Duane
466	Sarah
467	Erika
468	Juan
469	Noah
470	Erin
471	Tyler
472	Albert
473	Marie
474	Charlotte
475	Elijah
476	Richard
477	Tabitha
478	Sophia
479	Amanda
480	Jenny
481	Blake
482	Tricia
483	Dylan
484	Derrick
485	Jose
486	Brett
487	Ariana
488	Faith
489	Darin
490	Madeline
491	Clarence
492	Peter
493	Antonio
494	Ariel
495	Stacey
496	Mitchell
497	Shari
498	Tommy
499	Norman
500	Shelia
501	Leon
502	Cathy
503	Laura
504	Yesenia
505	Cassandra
506	Thomas
507	Kurt
508	Savannah
509	Riley
510	Karl
511	Judith
512	Nina
513	Ricardo
514	Mike
515	William
516	Dwayne
517	Jermaine
518	Beth
519	Mark
520	Felicia
521	Carly
522	Suzanne
523	Brianna
524	Jeanette
525	Colleen
526	Marcia
527	Mandy
528	Parker
529	Frederick
530	Herbert
531	Vincent
532	Dennis
533	Sheryl
534	Margaret
535	Meredith
536	Yvette
537	Dan
538	Fernando
539	Daisy
540	Lindsey
541	Maurice
542	Jaclyn
543	Roberto
544	Angie
545	Guy
546	Lorraine
547	Maureen
548	Abigail
549	Gabriel
550	Elaine
551	Leroy
552	Bethany
553	Wesley
554	Amy
555	Janice
556	Breanna
557	Francisco
558	Patricia
559	Christopher
560	Charles
561	Chris
562	Anita
563	Eduardo
564	Kathy
565	Susan
566	Betty
567	Kimberly
568	Cynthia
569	Lynn
570	Javier
571	Ebony
572	Caleb
573	Bobby
574	Timothy
575	Ruth
576	Ivan
577	Joan
578	Jay
579	Sheena
580	Carrie
581	Marcus
582	Carolyn
583	Alexander
584	Gary
585	Audrey
586	Rachel
587	Gwendolyn
588	Michelle
589	Steven
590	Lisa
591	Joanne
592	Belinda
593	Vicki
594	Dalton
595	Max
596	Evelyn
597	Philip
598	Karla
599	Victoria
600	Terrence
601	Mercedes
602	Travis
603	Traci
604	Levi
605	Maria
606	Andre
607	Cheryl
608	Brian
609	Joann
610	Raymond
611	Shelley
612	Kristina
613	Jody
614	Kirk
615	Ruben
616	Marvin
617	Diamond
618	Bonnie
619	Rose
620	Stacy
621	Patrick
622	Miranda
623	Jason
624	Adam
625	Shane
626	Todd
627	Alan
628	Ann
629	Misty
630	Christie
631	Karina
632	Heidi
633	Rodney
634	Samantha
635	Ronald
636	Isabella
637	Crystal
638	Tamara
639	Joy
640	Stefanie
641	Tristan
642	Kiara
643	Clayton
644	Robin
645	Melody
646	Tasha
647	Colin
648	Tom
649	Krista
650	Norma
651	Melanie
652	Tammie
653	Jackie
654	Lonnie
655	Ryan
656	Terry
657	Dorothy
658	Drew
659	Shawna
660	Marisa
661	Marilyn
662	Dominic
663	Zachary
664	Jeffery
665	Tiffany
666	Carl
667	Arthur
668	Sabrina
669	Briana
670	April
671	Wanda
672	Sydney
673	Claudia
674	Kari
675	Beverly
676	Shelly
677	Courtney
678	Anthony
679	Jillian
680	Kathryn
681	Kevin
682	Rebecca
683	Marissa
684	Andres
685	Hayden
686	Candice
687	Barbara
688	Russell
689	Loretta
