0	Fernandez
1	Morgan
2	Thomas
3	Church
4	Mooney
5	Porter
6	Sherman
7	Herman
8	Roberts
9	Zavala
10	Dunn
11	Morrow
12	Hudson
13	Stark
14	Woodard
15	Mayo
16	Wolfe
17	Hoffman
18	Gilbert
19	Martin
20	Hines
21	Robbins
22	Wood
23	Barnes
24	Graves
25	Gardner
26	Cummings
27	Parrish
28	Rubio
29	Hickman
30	Harper
31	Terrell
32	Shaffer
33	Hart
34	Wells
35	Eaton
36	Wilkinson
37	Craig
38	Mcdowell
39	Mccormick
40	Ponce
41	Bailey
42	Douglas
43	Clarke
44	Fry
45	Frazier
46	Kim
47	Mcintosh
48	Burgess
49	Valencia
50	Kaiser
51	Trevino
52	Ortiz
53	Swanson
54	Friedman
55	Kramer
56	Conner
57	Hensley
58	Myers
59	Mcgee
60	Lyons
61	Skinner
62	Washington
63	Aguilar
64	Whitehead
65	Pace
66	Brock
67	Herrera
68	Perez
69	Mcdonald
70	Kidd
71	Kennedy
72	Rosario
73	Nelson
74	Reynolds
75	Gill
76	Mcfarland
77	Bond
78	Gonzalez
79	Dixon
80	Pitts
81	Lara
82	Baker
83	Russo
84	Oliver
85	French
86	Cardenas
87	Townsend
88	Huerta
89	Moss
90	Acevedo
91	Acosta
92	Sosa
93	Benton
94	Irwin
95	Ortega
96	Nixon
97	Brandt
98	Short
99	Solis
100	Mullen
101	Nicholson
102	Yu
103	Murray
104	Aguirre
105	Lutz
106	Obrien
107	Cooley
108	Petersen
109	Dean
110	Medina
111	Faulkner
112	Donovan
113	Valdez
114	Hahn
115	Bauer
116	Villa
117	Thompson
118	Osborne
119	Stafford
120	Woodward
121	Cole
122	Dickerson
123	Lane
124	Lozano
125	Hamilton
126	Archer
127	Farrell
128	Blanchard
129	Mcguire
130	Underwood
131	Mccullough
132	Lang
133	Vazquez
134	Austin
135	Brown
136	Krause
137	Leon
138	Gibson
139	Kirby
140	Carson
141	Bradley
142	Shannon
143	Frey
144	Reyes
145	Nguyen
146	Mercer
147	Gutierrez
148	Cooper
149	Guerrero
150	Boyd
151	Everett
152	Marshall
153	Wright
154	Meza
155	Foster
156	Pruitt
157	Carrillo
158	Moody
159	Wilkins
160	Barrera
161	Alvarado
162	Dorsey
163	Shepherd
164	Oconnor
165	Rogers
166	Odonnell
167	Fletcher
168	Meyer
169	Mcmahon
170	Fowler
171	Baird
172	Galvan
173	Conway
174	Cervantes
175	Orr
176	Levine
177	Lee
178	Bates
179	Conrad
180	Sawyer
181	Ellison
182	Coffey
183	Hale
184	Walls
185	Randall
186	Vega
187	Diaz
188	Glass
189	Ochoa
190	Calhoun
191	Clay
192	Gregory
193	Schaefer
194	Ayers
195	Armstrong
196	Frost
197	Terry
198	Suarez
199	Hendricks
200	Esparza
201	Davidson
202	Khan
203	Campbell
204	Evans
205	Harrison
206	Bray
207	Serrano
208	Branch
209	Snyder
210	Payne
211	Erickson
212	Andersen
213	Schroeder
214	Briggs
215	Palmer
216	Ramirez
217	Bryant
218	Ritter
219	Benitez
220	Travis
221	Watkins
222	Mclean
223	Munoz
224	Fitzpatrick
225	Mahoney
226	Contreras
227	Shaw
228	Villegas
229	Moon
230	Hurley
231	Cortez
232	Webster
233	Simmons
234	Mcpherson
235	Rasmussen
236	Rangel
237	Gonzales
238	Sexton
239	Campos
240	Cook
241	Small
242	Daniel
243	Murillo
244	Mclaughlin
245	Mendoza
246	Cisneros
247	Oconnell
248	Berg
249	Graham
250	Larson
251	Zimmerman
252	Tanner
253	Frye
254	Horton
255	Hinton
256	Henson
257	Browning
258	Padilla
259	Waters
260	Harmon
261	Vaughn
262	Keith
263	Wheeler
264	Harrell
265	Phelps
266	Hicks
267	Hebert
268	Rivers
269	Ho
270	Johnson
271	Marsh
272	Patrick
273	Bright
274	Singh
275	Case
276	Juarez
277	Shields
278	Lester
279	West
280	Macdonald
281	Dougherty
282	Lamb
283	Mosley
284	Costa
285	Boyer
286	Curry
287	Livingston
288	Clayton
289	Baldwin
290	Rowland
291	Petty
292	Adams
293	Cruz
294	Hughes
295	Mccarthy
296	Valentine
297	Barton
298	Johnston
299	Reese
300	Sanford
301	Kerr
302	Shea
303	Burton
304	Sheppard
305	Zuniga
306	Krueger
307	Bartlett
308	Deleon
309	Peters
310	Hardin
311	Choi
312	Navarro
313	Cannon
314	Tran
315	Mathews
316	Dominguez
317	Duarte
318	Long
319	Goodwin
320	Rocha
321	Love
322	Chambers
323	Mccoy
324	Haney
325	Day
326	Brennan
327	Perry
328	Griffith
329	Stokes
330	Blackburn
331	Mays
332	Saunders
333	Farley
334	Beck
335	Ballard
336	Villarreal
337	Riddle
338	Wang
339	Richmond
340	Knight
341	Hays
342	Pena
343	Keller
344	Hogan
345	Bell
346	Andrews
347	Olsen
348	Guerra
349	Zhang
350	Dalton
351	Nolan
352	Phillips
353	Maldonado
354	House
355	Lucas
356	Elliott
357	Black
358	Ferrell
359	Meyers
360	Potts
361	Wagner
362	Meadows
363	Fuentes
364	Harris
365	Carlson
366	Collins
367	Ayala
368	Villanueva
369	Dudley
370	Stanley
371	Cabrera
372	Wu
373	Walter
374	Merritt
375	Cordova
376	Clements
377	Bruce
378	Rice
379	Moses
380	Joseph
381	Miles
382	Nichols
383	Poole
384	Mason
385	Mcbride
386	Carey
387	Daniels
388	Price
389	Marquez
390	Arnold
391	Prince
392	Salinas
393	Stout
394	Webb
395	Hobbs
396	Ray
397	Blair
398	Davies
399	Figueroa
400	Hunter
401	Kemp
402	Holder
403	Landry
404	Freeman
405	Waller
406	Schwartz
407	Ferguson
408	Burnett
409	Hammond
410	Barnett
411	Cantu
412	Anthony
413	Lindsey
414	Moreno
415	Mueller
416	Adkins
417	Neal
418	Galloway
419	Wallace
420	Bautista
421	Lowery
422	Walters
423	Bennett
424	Patton
425	Davenport
426	Vasquez
427	Barajas
428	Bryan
429	Best
430	Valenzuela
431	Allen
432	Lopez
433	Fisher
434	Sharp
435	Gates
436	Dickson
437	Barry
438	Warner
439	Escobar
440	Pacheco
441	Cain
442	Carter
443	Herring
444	Crawford
445	Baxter
446	Mccall
447	Griffin
448	Hull
449	Pratt
450	Le
451	Grant
452	Bowers
453	Stanton
454	Barrett
455	Leonard
456	Higgins
457	Butler
458	Howe
459	Vincent
460	Preston
461	Benjamin
462	Duffy
463	Trujillo
464	Williamson
465	Miranda
466	Cochran
467	Beard
468	Santos
469	Lynn
470	Garrett
471	Mcdaniel
472	Bonilla
473	Werner
474	Maxwell
475	Gordon
476	Garrison
477	Quinn
478	Parks
479	Giles
480	King
481	Riley
482	Hill
483	Osborn
484	Mcclure
485	Torres
486	Randolph
487	Walker
488	Hancock
489	Gallagher
490	Cowan
491	Hodges
492	Franco
493	Shelton
494	Duncan
495	Salazar
496	Vargas
497	Goodman
498	Olson
499	Russell
500	Jimenez
501	Castillo
502	Burns
503	Sandoval
504	Nielsen
505	Charles
506	Chase
507	Owen
508	Hardy
509	Avery
510	Wilson
511	Leblanc
512	Rodgers
513	Moran
514	Humphrey
515	Stein
516	Compton
517	Howard
518	Glenn
519	Greer
520	Mora
521	Stone
522	Hayden
523	Ball
524	Rose
525	Fitzgerald
526	Stewart
527	Wilkerson
528	Paul
529	May
530	Koch
531	Willis
532	Welch
533	Estes
534	Bridges
535	David
536	Cuevas
537	Good
538	Arroyo
539	Li
540	Vang
541	Wong
542	Roach
543	Lin
544	Larsen
545	Pennington
546	Huang
547	Ramos
548	Spence
549	Fields
550	Hutchinson
551	Zamora
552	Grimes
553	Bush
554	Solomon
555	Curtis
556	Yoder
557	Holland
558	Wade
559	Miller
560	Peterson
561	Park
562	Chaney
563	Espinoza
564	Hayes
565	Taylor
566	Levy
567	Delacruz
568	Farmer
569	Berger
570	Hunt
571	Wiley
572	Crosby
573	Frank
574	Tapia
575	Hartman
576	Pineda
577	Calderon
578	Yang
579	Booth
580	Rhodes
581	Hooper
582	Franklin
583	Avila
584	Bird
585	Haynes
586	English
587	Montoya
588	Drake
589	Huynh
590	Woods
591	Shah
592	Knox
593	Pope
594	Walton
595	Fleming
596	Turner
597	Lucero
598	Foley
599	Chandler
600	Barron
601	White
602	Holden
603	Carney
604	Cohen
605	Reed
606	Buchanan
607	Lambert
608	Todd
609	Velez
610	Steele
611	Abbott
612	Barber
613	Norris
614	Hurst
615	Blake
616	Crane
617	Mayer
618	Michael
619	Hanson
620	Mcknight
621	Berry
622	Huff
623	Castro
624	Moore
625	Heath
626	Mccann
627	Bean
628	Martinez
629	Francis
630	Henderson
631	Walsh
632	Molina
633	Hampton
634	Bullock
635	Vaughan
636	Mills
637	Schmitt
638	Bernard
639	Parsons
640	Holloway
641	Reeves
642	Savage
643	Mcintyre
644	Dawson
645	Braun
646	Holt
647	Oneal
648	Roth
649	Rios
650	Flynn
651	Mann
652	Barr
653	Newton
654	Jones
655	Jordan
656	Odom
657	Hubbard
658	Snow
659	Gaines
660	Melton
661	Page
662	Greene
663	Gilmore
664	Sutton
665	Henry
666	Stevenson
667	Knapp
668	Jenkins
669	Dyer
670	Norton
671	Ford
672	Cunningham
673	Morrison
674	Bowen
675	Manning
676	Floyd
677	Lawson
678	Blackwell
679	Johns
680	Ramsey
681	Cooke
682	Richardson
683	Marks
684	Watts
685	Donaldson
686	Ross
687	Kane
688	Rojas
689	Lewis
690	Chan
691	Gentry
692	Mckay
693	Doyle
694	Sloan
695	Mejia
696	Jarvis
697	Castaneda
698	Whitaker
699	Houston
700	Weaver
701	Mercado
702	James
703	Hawkins
704	Garner
705	Harding
706	Rivera
707	Spencer
708	Gray
709	Kline
710	Beasley
711	Mcmillan
712	Cline
713	Rivas
714	Delgado
715	Potter
716	Schultz
717	Dodson
718	Orozco
719	Guzman
720	Spears
721	Mcneil
722	Becker
723	Durham
724	Sanders
725	Hood
726	Hendrix
727	Bolton
728	Pittman
729	Novak
730	Mcgrath
731	Haas
732	Bradford
733	Powell
734	Robles
735	Gillespie
736	Lawrence
737	Combs
738	Haley
739	Santana
740	Powers
741	Burke
742	Beltran
743	Green
744	Robinson
745	Ware
746	Morton
747	Rush
748	Jacobson
749	Christian
750	Chapman
751	Bender
752	Glover
753	Bentley
754	Schmidt
755	Montgomery
756	Boyle
757	Shepard
758	Rowe
759	Gross
760	Malone
761	Decker
762	Rich
763	Soto
764	Hatfield
765	Cross
766	Ryan
767	Singleton
768	Nash
769	Little
770	Buck
771	Edwards
772	Duran
773	Brady
774	Roy
775	Pierce
776	Montes
777	Duke
778	Fuller
779	Reid
780	Camacho
781	York
782	Bowman
783	Bass
784	Young
785	Tyler
786	Middleton
787	Newman
788	Conley
789	Wyatt
790	Warren
791	Casey
792	Mendez
793	Sparks
794	Caldwell
795	Huber
796	Monroe
797	Pearson
798	Cantrell
799	Gamble
800	Cox
801	Mcconnell
802	Gallegos
803	Horn
804	Macias
805	Dennis
806	Jacobs
807	Riggs
808	Benson
809	Banks
810	Coleman
811	Morales
812	Ruiz
813	Velasquez
814	Tate
815	Rosales
816	Cobb
817	Winters
818	Key
819	Madden
820	Flores
821	Hoover
822	Hester
823	Lam
824	Buckley
825	Jackson
826	Hodge
827	Parker
828	Wise
829	Mata
830	Stephenson
831	Rollins
832	Schneider
833	Cameron
834	Strickland
835	Mullins
836	Gould
837	Daugherty
838	Ewing
839	Massey
840	Ali
841	Kelly
842	Matthews
843	Garcia
844	Boone
845	Sullivan
846	Chavez
847	Wolf
848	Stevens
849	Sampson
850	Ashley
851	Joyce
852	Collier
853	Leach
854	Liu
855	Strong
856	Melendez
857	Salas
858	Huffman
859	Allison
860	Reilly
861	Mckenzie
862	Barker
863	Ellis
864	Raymond
865	Richard
866	Harrington
867	Weeks
868	Tucker
869	Weber
870	Robertson
871	Bishop
872	Blevins
873	Mitchell
874	Murphy
875	Kirk
876	Pugh
877	Dillon
878	Peck
879	Fritz
880	Chung
881	Silva
882	Arias
883	Callahan
884	Carroll
885	Weiss
886	Brewer
887	Fox
888	Noble
889	Romero
890	Pham
891	Estrada
892	Logan
893	Stephens
894	Hansen
895	Lowe
896	Simon
897	Richards
898	Norman
899	Proctor
900	Sanchez
901	Lloyd
902	Yates
903	Anderson
904	Whitney
905	Arellano
906	Wall
907	Burch
908	Byrd
909	Pollard
910	Maddox
911	Ward
912	Jefferson
913	George
914	Hess
915	Downs
916	Alvarez
917	Simpson
918	Morse
919	Wiggins
920	Patterson
921	Jennings
922	Chang
923	Vance
924	Roman
925	Cherry
926	Williams
927	Gomez
928	Hall
929	Perkins
930	Mcclain
931	Thornton
932	Morris
933	Fischer
934	Carpenter
935	Luna
936	Garza
937	Mckinney
938	Golden
939	Carr
940	Hernandez
941	Ingram
942	Maynard
943	Kaufman
944	Watson
945	Colon
946	Gibbs
947	Davila
948	Frederick
949	Mack
950	Mccarty
951	Roberson
952	Wilcox
953	Sweeney
954	Stuart
955	Mathis
956	Kent
957	Christensen
958	Alexander
959	Chen
960	Copeland
961	Finley
962	Ibarra
963	Summers
964	Smith
965	Dunlap
966	Atkins
967	Jensen
968	Booker
969	Moyer
970	Andrade
971	Bradshaw
972	Owens
973	Oneill
974	Brooks
975	Sellers
976	Harvey
977	Nunez
978	Davis
979	Rodriguez
980	Santiago
981	Forbes
982	Klein
983	Atkinson
984	Hanna
985	Hopkins
986	Sims
987	Holmes
988	Scott
989	Horne
990	Velazquez
991	Clark
992	Kelley
993	Gay
994	Mckee
995	Patel
996	Blankenship
997	Lynch
998	Howell
999	Flowers
