0	chemin Marcel François, 13993 Saint Virginie
1	70, rue Camille Paris, 74435 Aubert
2	chemin Rémy Bouvier, 89943 Saint Hugues
3	4, rue Buisson, 30920 Roussel-sur-Mer
4	55, avenue Sauvage, 32575 François
5	24, avenue Bonneau, 35334 Petitjean-la-Forêt
6	avenue Xavier Gay, 24182 Rossinec
7	83, rue Durand, 59939 Gauthier
8	320, chemin François Peltier, 54953 Mercier-les-Bains
9	47, boulevard de Clerc, 65569 Renault
10	50, rue Raynaud, 87164 BaudryBourg
11	52, avenue de Samson, 18941 Goncalves
12	69, boulevard Théodore Laroche, 79404 Pierre-les-Bains
13	64, rue de Lopes, 07177 Sainte Roland
14	9, rue Pauline Georges, 57601 Sainte Alixnec
15	7, rue de Lefort, 28395 Bodin-la-Forêt
16	rue David, 20320 Sainte Marc-les-Bains
17	714, chemin de Guibert, 15584 Bergerboeuf
18	4, rue de Lecomte, 26824 Pierre-les-Bains
19	55, chemin de Renaud, 22992 Legendre
20	66, chemin de Hervé, 24452 Labbé-la-Forêt
21	92, avenue Dupré, 13818 Colin-sur-Maillard
22	chemin Joly, 70806 Sainte Grégoire
23	44, boulevard Claudine Vaillant, 01442 Legendre-les-Bains
24	1, boulevard Jacob, 83305 Sainte Susanne
25	37, rue de Joseph, 20292 Delahaye-sur-Gros
26	869, rue de Rodrigues, 75411 Blanchard
27	boulevard Gomez, 70148 Saint Aiméboeuf
28	rue Juliette Lucas, 92823 Rodriguez-sur-Normand
29	95, rue de Guillon, 86257 Girard
30	22, chemin Franck Pires, 14299 Guyotboeuf
31	rue Rodriguez, 36653 Vallée-les-Bains
32	79, avenue de Lévêque, 30946 Charrierboeuf
33	52, rue Alfred Rey, 65353 Bergernec
34	boulevard Turpin, 62852 Massedan
35	94, boulevard Jacqueline Martineau, 91113 Mahe
36	84, avenue Lebreton, 43567 Andre-la-Forêt
37	35, rue Torres, 28482 Noël
38	9, chemin Rodriguez, 43659 Sainte GérardVille
39	46, boulevard De Sousa, 18963 Schneider
40	82, boulevard de Tessier, 63121 Millet
41	978, rue Bouvet, 11718 Lemaître
42	175, rue de Georges, 97271 Perrier
43	929, chemin de Blot, 61497 Brunet
44	801, boulevard de Salmon, 42747 Imbertdan
45	rue de Bertrand, 29156 Lucasnec
46	chemin Anouk Marchal, 16856 Perrot
47	rue Lelièvre, 26600 Lefèvre
48	78, avenue Garnier, 45737 HardyBourg
49	13, chemin Gilles Lucas, 97387 Rousset
50	chemin de Alexandre, 58336 BonninVille
51	39, rue Leconte, 49482 Rocher
52	boulevard Laetitia Peron, 97287 Saint ChristianeBourg
53	27, rue Michelle Delaunay, 69328 Moreauboeuf
54	279, chemin Vincent, 77988 Bigot-les-Bains
55	20, avenue de Adam, 44822 Maillot-la-Forêt
56	68, avenue de Renault, 25792 Carlierdan
57	7, rue Hortense Sanchez, 31853 Maury
58	566, boulevard Andre, 48437 Lesage-sur-Mer
59	3, rue de Paul, 22456 Lévyboeuf
60	558, rue Émilie Roussel, 27564 Blondel
61	83, boulevard Maurice, 79494 Lombard-les-Bains
62	4, rue Lebrun, 94480 Maréchal-sur-Monnier
63	rue Luce Valette, 01590 LeroyVille
64	rue de Clerc, 02394 Paris
65	64, chemin de Diallo, 85187 Collinboeuf
66	43, avenue Audrey Wagner, 06396 Marty-sur-Bonneau
67	27, chemin Humbert, 76926 Sainte Daniel-sur-Mer
68	539, rue Guichard, 87619 Sainte Julietteboeuf
69	22, avenue Marine Diaz, 37149 Cousin
70	74, rue Valentine Payet, 29868 Ferrand
71	650, rue de Guichard, 22568 Hoareau
72	2, chemin Xavier Chauvin, 97232 Lucas
73	150, avenue de Hebert, 36760 Schmitt
74	rue Vallet, 80217 Martin
75	50, chemin de Fernandes, 19733 Saint Susanne
76	1, rue Berthelot, 21760 Baron-la-Forêt
77	44, chemin Roland Simon, 89682 Sainte Raymond
78	29, rue Lemoine, 85295 Faivre
79	256, chemin Payet, 61656 Humbert
80	2, chemin de Maury, 97619 Millet
81	rue de Pasquier, 49845 MendèsBourg
82	71, boulevard Colette Dufour, 48315 Sainte Alexandrie-les-Bains
83	6, avenue Joseph, 30881 Saint Victor-les-Bains
84	boulevard Navarro, 13801 Mahe
85	4, avenue Alexandrie Couturier, 44422 Saint CamilleVille
86	3, boulevard Colin, 04943 Garnier
87	rue de Jourdan, 48651 DavidVille
88	57, boulevard de Cousin, 84531 Bouvet
89	rue Leroux, 82149 Sainte MaryseBourg
90	597, chemin Victoire Grenier, 94367 RousseauBourg
91	82, avenue de Bertin, 54271 Fischer
92	938, rue de Cordier, 29187 Leroux
93	11, rue Gabriel Traore, 51283 Deschampsdan
94	34, rue de Lemaître, 20189 Colletdan
95	42, chemin Maryse Huet, 64940 Sainte Léon
96	4, avenue Duhamel, 53916 Pottier
97	79, rue René Teixeira, 14167 Germain
98	34, rue Rey, 52649 Toussaint
99	3, rue Adrien Chartier, 30938 Saint Emmanuel
100	83, avenue Besson, 78885 Hoaraudan
101	83, avenue de Bazin, 82591 Roux-sur-Mer
102	6, avenue Gosselin, 11593 Sainte Maggieboeuf
103	98, boulevard Blin, 97662 Rousseau
104	rue Renaud, 07419 Dijoux-sur-Perret
105	3, rue William Hamel, 66258 Grégoire
106	51, rue David, 68615 Barthelemynec
107	39, chemin Paulette Lefebvre, 50110 Saint Andrée
108	67, chemin Grenier, 30344 LagardeBourg
109	68, avenue Bertin, 37817 Rodriguez
110	28, rue de Thomas, 78370 David
111	20, rue Pénélope Delmas, 77235 Lacombe
112	79, rue de Maillard, 65802 Sainte Frédéricnec
113	71, rue de Lopes, 15291 AdamVille
114	rue Juliette Chartier, 63619 Techerdan
115	79, chemin de Laporte, 53839 Rémy-sur-Cousin
116	83, rue Anaïs Imbert, 50185 Diaz
117	46, rue Gilbert Faivre, 56796 Merlenec
118	49, boulevard Odette Raynaud, 40489 Saint Denisenec
119	78, avenue Pineau, 04256 Lacroix
120	rue de Renault, 69670 Guérin
121	boulevard Menard, 39957 Blondel-sur-Lévy
122	avenue Simon, 02535 FerreiraVille
123	boulevard Marie Payet, 97495 Germain-sur-Jacques
124	4, chemin Lemaître, 06824 Lemaître
125	chemin de Roux, 41649 Raymond
126	25, chemin de Peltier, 81709 Antoine
127	9, chemin de Laurent, 68788 Benoit
128	608, rue Baudry, 08937 Saint Brigitte
129	55, boulevard de Neveu, 64848 Leleu-sur-Cohen
130	360, rue Suzanne Cousin, 81397 Alves
131	786, avenue Marianne Dias, 32737 Hamel
132	6, rue de Poirier, 83670 Richard
133	rue Michelle Bernier, 29410 Reynaud
134	76, chemin Benjamin Perrin, 53310 Couturier
135	52, chemin de Coulon, 85197 Blot-la-Forêt
136	72, chemin Marc Bonnin, 91850 Sainte Manon
137	65, rue Émile Menard, 04745 Colin-la-Forêt
138	28, avenue Perrot, 64117 Saint Éric
139	80, chemin Royer, 53476 Sainte Jérômedan
140	81, chemin Lemaître, 01234 Barbe
141	30, rue Lamy, 73732 Tessier
142	24, avenue Durand, 97228 Diaz
143	40, chemin Letellier, 63592 Saint Dorothée
144	rue Emmanuel Carre, 89195 Neveuboeuf
145	chemin Audrey Thierry, 12335 Dupuy-sur-Mer
146	47, rue Lejeune, 06636 Gallet
147	927, rue Besson, 18506 Jacquet
148	60, boulevard de Pruvost, 66149 Vasseurnec
149	308, boulevard Deschamps, 86697 Vincent
150	347, rue Margot Gilles, 49643 JeanVille
151	56, chemin Geneviève Torres, 57771 Saint Éric
152	rue Josette Neveu, 03833 Saint Guillaume
153	36, rue Georges, 38862 Sainte Raymond
154	19, rue de Sanchez, 23209 Marchal
155	56, rue Michel Fischer, 58633 Potier
156	48, chemin Alexandria Bouchet, 97433 Hervé
157	3, chemin de Marchal, 95329 Roger
158	31, boulevard Lucas Pinto, 15390 Saint Gilles
159	472, rue Alexandria Leduc, 55182 MaryVille
160	49, boulevard de Lecoq, 43669 Maillot
161	3, chemin Arthur Barbier, 51994 Diallo-les-Bains
162	3, boulevard de Guyon, 78934 Rossi
163	14, rue Muller, 55523 Masse
164	43, boulevard Olivier Schmitt, 83299 Saint Lorraine
165	361, avenue de Charrier, 18859 Nguyen
166	96, avenue de Clerc, 13243 Saint Rogerdan
167	76, rue Margaud Verdier, 93956 Meyer
168	chemin Clément, 63680 Vincent-la-Forêt
169	15, chemin Joseph Pelletier, 55481 Seguin
170	88, avenue de Michaud, 34686 Dumas
171	65, rue de Faivre, 37939 François
172	9, chemin de Guilbert, 91348 Maurydan
173	9, chemin Vincent Guichard, 06361 Sainte Alex
174	59, chemin de Loiseau, 71356 DidierVille
175	94, avenue de Julien, 77912 Pereira-la-Forêt
176	1, boulevard de Dos Santos, 26874 Perrier
177	42, chemin Boyer, 87731 Bailly
178	33, rue Da Costa, 20658 Chauveauboeuf
179	22, chemin Lejeune, 26579 Bonnetdan
180	chemin de Fischer, 78961 Saint Henriette
181	7, rue Leleu, 76827 Monnier
182	2, avenue Gillet, 73647 Ledouxboeuf
183	5, avenue Munoz, 12654 Morvanboeuf
184	7, chemin Potier, 19460 Huet
185	2, boulevard Antoinette Lesage, 05578 Delmas-sur-Mer
186	66, chemin Richard Roy, 32123 Martin-la-Forêt
187	chemin Martel, 76992 Rémy-sur-Neveu
188	41, chemin Guy Klein, 43597 Blanchard
189	5, rue de Schneider, 13807 Maréchal
190	2, boulevard Daniel Sanchez, 72424 Saint Marthenec
191	65, avenue Luce Hebert, 46664 Ribeironec
192	27, rue Luc Mendès, 90872 Lenoir
193	35, chemin Joseph, 24699 Langlois
194	947, avenue de Colas, 78168 Charles
195	25, boulevard de Dias, 97661 Merle
196	89, rue Bouvet, 13913 Gay
197	avenue de Lenoir, 50637 Monnier
198	45, avenue Dominique Leclercq, 86520 Delmasnec
199	96, rue Pauline Dupuy, 63986 Prévost
200	chemin Pottier, 92387 François
201	rue de Chrétien, 42352 Saint William
202	514, chemin Joubert, 42299 Sainte Audrey
203	chemin Louise Mathieu, 54349 Teixeiradan
204	rue Lucas, 97238 Bigotdan
205	79, boulevard de Dias, 34505 Marchalboeuf
206	chemin Delannoy, 42317 Jourdan
207	chemin de Muller, 33415 Perret-les-Bains
208	9, rue Anastasie Gillet, 76221 Nicolas-la-Forêt
209	158, rue de Peron, 63295 Diaz-sur-Hervé
210	1, boulevard de Nguyen, 47336 Sainte Henriette-la-Forêt
211	6, rue Peron, 22742 Bègue
212	25, boulevard de Laine, 97239 Rodriguesboeuf
213	897, chemin de Le Goff, 63532 Bouchernec
214	24, avenue Daniel Lebrun, 73347 Buissondan
215	boulevard de De Oliveira, 36667 Bègue
216	20, avenue Martel, 70710 Sainte Valérie
217	62, chemin Lebon, 41517 Sainte Corinne
218	19, rue de Fernandes, 51327 Collin
219	82, rue de Lefort, 28463 Pinto
220	42, avenue Xavier Boyer, 13906 Sainte Jules-la-Forêt
221	299, rue Éric Le Gall, 41936 Saint IsaacBourg
222	484, rue Dufour, 61901 Delorme
223	2, rue Léon Humbert, 19875 Sainte InèsBourg
224	71, chemin de Blanchet, 93479 Langloisboeuf
225	7, avenue de Rodriguez, 72411 Aubry-sur-Cohen
226	boulevard de Cordier, 97685 Guillaume
227	68, chemin Dumas, 04902 Lacombe
228	5, rue Mathieu, 37402 Saint Thibaut
229	81, rue de Gonzalez, 45379 Pierre
230	680, chemin Guérin, 50444 Paul
231	591, chemin Boucher, 46218 Sainte Agathedan
232	99, avenue Arthur Diaz, 95736 Nguyendan
233	645, boulevard Suzanne Brunet, 61440 Lagarde-sur-Traore
234	51, boulevard Barthelemy, 97621 Rodrigues-sur-Fabre
235	chemin Nathalie Perret, 47570 Saint Zacharie
236	76, rue Lelièvre, 03111 Marques-les-Bains
237	9, chemin Hugues Langlois, 46425 Saint Catherine
238	rue Inès Pichon, 22567 Legros
239	2, chemin de Louis, 46191 Rolland
240	boulevard de Petit, 59652 Mace-la-Forêt
241	chemin Anaïs Guillet, 09726 Hoarau-les-Bains
242	66, avenue Eugène Normand, 64581 Sainte Camille
243	33, rue Éric Raymond, 62499 Briand
244	chemin de Loiseau, 29687 Evrard
245	90, chemin de Barthelemy, 20859 Antoinenec
246	6, rue de Regnier, 01756 Bailly-sur-Mer
247	531, rue Langlois, 78323 BarbeBourg
248	73, avenue Émile Roche, 03258 Rousseau
249	12, chemin Lecoq, 36168 Dupuis
250	89, avenue de Pasquier, 70992 Sainte Bernardboeuf
251	rue de Torres, 97181 Masson-sur-Cohen
252	rue Antoinette Martineau, 14930 Hamon-les-Bains
253	boulevard Claudine Morvan, 97244 Philippe
254	53, avenue de Lebon, 87953 Clément
255	2, chemin Dupont, 89769 Saint CécileBourg
256	1, rue de Blondel, 37508 Payetdan
257	3, rue Perrot, 23599 Picard
258	41, avenue Célina Gilbert, 79775 Sainte William
259	1, rue Robert, 35617 Deschampsnec
260	42, rue de Gomez, 77524 Saint Célina-les-Bains
261	68, avenue Reynaud, 17375 Camus
262	66, rue Alexandre Roux, 42737 Gaudin
263	rue Langlois, 06321 Boyer-sur-Neveu
264	86, chemin de Martins, 79255 Devaux
265	1, boulevard Maillard, 67989 Saint Diane
266	18, boulevard Gilbert, 12166 Sainte Capucine
267	49, boulevard Regnier, 58708 Gérard-sur-Mer
268	48, rue Madeleine Adam, 80914 MerleBourg
269	6, boulevard de Lemaître, 09278 Saint Camille
270	4, rue Faure, 08327 Saint JulienBourg
271	5, chemin de Vidal, 35664 Gilbertboeuf
272	8, avenue de Mathieu, 59435 Pascal
273	55, rue Becker, 97161 Dufour
274	8, rue de Dupont, 47321 Raynaud-sur-Berger
275	51, boulevard Célina Auger, 07874 Martinez
276	16, chemin Bourdon, 15859 Perret
277	8, avenue de Hernandez, 33418 Saint Margotnec
278	32, boulevard de Buisson, 74783 RouxBourg
279	59, rue de Picard, 49497 Alvesnec
280	173, boulevard de Becker, 87754 Mahedan
281	8, avenue Blot, 61497 Delmas
282	72, rue de Lévy, 47811 Gallet
283	59, chemin Élisabeth Sanchez, 97620 Duval-sur-Pichon
284	chemin Michelle Lefort, 29639 Saint Gabriel
285	rue Joseph Maillot, 38627 Rousset
286	48, chemin Charrier, 03976 ThibaultVille
287	42, boulevard Marcelle Gillet, 32851 Payet-sur-Gallet
288	206, rue de Pottier, 81901 Sainte AdélaïdeBourg
289	56, avenue Guillaume Camus, 29120 Saint Hélène
290	58, chemin de Guillon, 84628 Saint Louisedan
291	241, avenue de Bertrand, 47715 Chauvet
292	chemin Rossi, 97634 Laine
293	85, boulevard Charles, 73747 Boulay-sur-Mer
294	27, rue Jacqueline Grondin, 07853 Pierre
295	17, rue Honoré Bertrand, 54123 Imbert
296	39, chemin de Traore, 97651 Sainte Olivier
297	95, chemin Dos Santos, 35191 LaporteBourg
298	58, boulevard de Guillot, 11494 Lopes-sur-Mer
299	55, chemin Guyot, 21262 Lefebvre
300	avenue Alice Boucher, 44448 Blanchet
301	25, rue Bertrand Gaillard, 52583 Hardy
302	35, chemin de Allain, 11104 FernandesBourg
303	399, boulevard Turpin, 57129 Potier
304	90, chemin Eugène Bertin, 38805 Gérard
305	rue Allard, 57149 NormandVille
306	840, avenue Gautier, 09645 Bruneau
307	72, boulevard de Leroy, 35406 Leclercq
308	39, rue de Gomez, 68138 Royerboeuf
309	avenue Luce Thomas, 35531 Saint Aurélie
310	15, chemin Fouquet, 72399 Perretdan
311	90, rue Parent, 53485 Jean
312	3, avenue René Lacroix, 97153 MaryBourg
313	rue Morvan, 45157 Normand
314	28, avenue de Fischer, 20327 Baudry
315	95, avenue Pineau, 06489 Sainte Matthieu
316	46, chemin Petitjean, 47910 Saint Édouard-sur-Mer
317	52, avenue Gillet, 32635 Hoareau
318	avenue Marc Poirier, 01338 Saint Joséphine
319	8, rue de Neveu, 86195 Maillardnec
320	916, rue Delahaye, 21363 Saint Odettedan
321	34, rue Girard, 10348 Voisin
322	655, chemin Rivière, 53184 Pasquiernec
323	50, rue Thomas, 02258 Gaillardnec
324	821, rue de Briand, 65746 Sainte Dorothéeboeuf
325	9, rue Rémy Diallo, 52807 Marques
326	15, boulevard de Langlois, 70817 Ruiz-les-Bains
327	45, boulevard Becker, 06855 LeconteBourg
328	rue Allain, 62865 Peltier
329	63, rue Pénélope Arnaud, 68345 Lerouxboeuf
330	rue de Maurice, 88214 Sainte Anne
331	88, rue Joubert, 06673 Lecomte-la-Forêt
332	96, boulevard Bourdon, 22230 Roussel
333	18, rue de Perrier, 66555 Petitjean
334	854, avenue Benoit, 97155 Dumont-la-Forêt
335	49, avenue de Bonnet, 42548 RivièreVille
336	avenue Benjamin Lombard, 77603 Nicolasdan
337	55, rue de Cousin, 81979 FrançoisVille
338	46, rue Margot Chauvet, 32251 Faure
339	84, chemin Anne Bernard, 87412 GuyotVille
340	17, chemin Payet, 71534 Nicolas-sur-Ribeiro
341	89, boulevard Teixeira, 36881 Rousset
342	18, rue Timothée Gimenez, 47575 Lejeune
343	85, rue Agnès Girard, 16803 Roussel-sur-Gauthier
344	3, rue Lemonnier, 94524 Pages
345	9, avenue de Peron, 15424 Renault-sur-Perez
346	93, avenue de Jacob, 63118 Cohenboeuf
347	rue de Gomes, 22889 Lopes
348	599, rue Teixeira, 34632 Duval
349	73, rue de Bernard, 90133 Saint Olivier-sur-Mer
350	17, rue de Boucher, 21966 Thomas
351	avenue de Sauvage, 64934 Fouquet
352	48, avenue de Barre, 89391 Sainte Martin-la-Forêt
353	92, avenue Masson, 43105 SchmittBourg
354	83, chemin Guérin, 58114 Vaillant-la-Forêt
355	6, avenue de Alves, 50355 Bodin
356	66, boulevard Guillaume, 45910 Saint Michelle
357	7, avenue Patricia Verdier, 68911 Albert
358	4, boulevard Payet, 97444 Martin
359	chemin Goncalves, 22573 Lucas
360	45, chemin de Dumont, 56682 Besnard
361	72, boulevard Claudine Guichard, 02530 Monnier-sur-Morin
362	83, boulevard Pénélope Grondin, 94430 Fischer-sur-Dupuy
363	chemin Nicole Grenier, 23180 Sainte Madeleine
364	33, boulevard de Pereira, 93136 Faivre
365	avenue Richard De Sousa, 69533 Saint Victoire
366	48, rue Léon Barbier, 21692 Adamnec
367	95, avenue Brigitte Aubert, 61776 Peltier
368	chemin de Dufour, 02504 Roger
369	rue Claude Weber, 23137 Jacobnec
370	rue Adèle Becker, 10601 Hervéboeuf
371	6, boulevard Maillet, 32746 Renault
372	40, avenue Benoît Leroy, 28739 Andre
373	3, rue Auger, 34478 DijouxVille
374	416, chemin Julien, 36710 Hamon
375	rue de Le Roux, 78413 Marin-sur-Lucas
376	80, chemin de Georges, 58819 Saint Océane-les-Bains
377	80, boulevard de Jacquet, 24921 Henry
378	7, chemin Besson, 92583 Lelièvre
379	716, avenue de Descamps, 73147 GillesBourg
380	17, chemin de Rodrigues, 91957 HoareauBourg
381	41, avenue Royer, 46684 Gautier
382	63, boulevard Duhamel, 27881 Bouvet
383	26, rue Thibaut Masson, 33468 Pelletier
384	34, avenue de Besnard, 44986 Lévy
385	5, boulevard Zoé Duval, 67645 Carre
386	64, rue Adélaïde Joubert, 27564 Rolland
387	6, rue de Lebreton, 56358 PeltierVille
388	87, avenue Thierry Blanchard, 44594 Saint HuguesVille
389	72, chemin Le Gall, 62892 Jacob
390	855, rue Thierry Vaillant, 15512 Sainte Marianneboeuf
391	boulevard de Evrard, 26953 Pasquier
392	738, avenue de Marques, 76903 Laporte-sur-Denis
393	rue de Noël, 97469 Saint Danielle
394	3, avenue Aimée Hebert, 72467 Saint Audrey
395	553, rue Royer, 39448 Mauryboeuf
396	chemin Gilles Guillou, 20717 Sainte ÉdouardBourg
397	642, rue Richard, 92776 Saint Sabinedan
398	82, rue de Fernandes, 88772 Teixeira
399	49, rue Nicolas, 35523 Turpin
400	81, rue Leclerc, 08868 Clément-la-Forêt
401	75, boulevard de Alexandre, 54290 Maréchalnec
402	rue de Bodin, 03394 Reynaud-sur-Gérard
403	50, chemin de Delorme, 28904 Menard
404	57, chemin Legendre, 80939 Garcia
405	80, rue de Bertrand, 21508 Vasseur
406	8, boulevard Fontaine, 11244 Mercierdan
407	203, chemin Collin, 46443 Maurice-les-Bains
408	8, avenue Robert, 25149 Girard
409	rue Édith Girard, 41559 Jacquot
410	95, chemin de Ferrand, 31451 Masse
411	2, boulevard Claude Daniel, 82123 Martins-les-Bains
412	90, boulevard Marine Normand, 66314 Riou-la-Forêt
413	rue Christelle Chrétien, 10912 Royer
414	45, avenue Blin, 62552 Imbert
415	49, rue de Gros, 30608 Saint Manon
416	54, rue Margaret Maury, 56622 Pottier
417	rue de Couturier, 14599 De Sousa-les-Bains
418	boulevard Julien Grenier, 27680 Masson
419	55, boulevard Marcelle Picard, 26366 Vallet
420	90, boulevard de Dias, 05343 Sainte Vincent
421	rue Schneider, 05459 Mathieu-sur-Dumas
422	3, boulevard de Bouvier, 81999 Saint Manon-les-Bains
423	87, boulevard Allard, 60814 Carpentierboeuf
424	rue de Fernandes, 20425 Carre
425	boulevard de Boyer, 50316 Sainte Célinaboeuf
426	42, rue Bernard Gautier, 63487 Saint Laurencenec
427	44, rue Peron, 65474 Saint AnaïsVille
428	4, rue Gonzalez, 62195 Descampsboeuf
429	2, rue Françoise Evrard, 97640 Lefebvre-les-Bains
430	20, boulevard de Collin, 83647 Blancnec
431	44, avenue Astrid Coulon, 38515 Camusboeuf
432	965, rue de Menard, 77757 Bodin
433	avenue de Lévy, 09858 Blanc
434	566, chemin de Guyot, 54307 Étienne
435	boulevard Mathilde Marin, 16500 Pottier-la-Forêt
436	rue Ramos, 10508 Perrierdan
437	80, rue Adèle Pinto, 84577 Fouquet-sur-Ruiz
438	72, chemin Inès Rodriguez, 88992 Saint Étienne
439	rue Susanne Perrot, 51852 Ramos
440	934, avenue Gabrielle Richard, 73862 Leleu
441	rue Fischer, 25331 Sainte Nathalie-la-Forêt
442	29, boulevard Claudine Langlois, 67168 Besson-la-Forêt
443	112, boulevard Louise Blot, 48815 Regnier-la-Forêt
444	79, rue de Gosselin, 62194 Morvan
445	5, rue David Diallo, 55326 Paris
446	90, rue Odette Chauvin, 73784 Joly
447	21, chemin Joséphine Louis, 09975 Renard
448	1, rue Cécile Millet, 23145 Lévy-sur-Pichon
449	40, rue de Techer, 81961 Dias
450	5, chemin de Lacroix, 04443 Cohen
451	rue Gilbert, 72868 Paul
452	633, rue Vincent Masson, 47901 Navarro
453	55, avenue Alexandria Marion, 04332 Rocher
454	39, rue de Girard, 91985 Sainte Hélène-les-Bains
455	rue Ruiz, 32922 Michel
456	58, rue Astrid Lenoir, 79154 Legrand
457	32, rue Mathilde Schneider, 22327 Barthelemy
458	33, boulevard de Laine, 97193 Teixeira
459	699, boulevard de Valentin, 45362 Reydan
460	rue Alice Renaud, 43348 Baron
461	chemin de Guyot, 40902 Moreaunec
462	5, rue Arnaude Marchal, 53344 Guyon-les-Bains
463	864, boulevard Fournier, 09669 Antoine
464	rue Laure Grenier, 15443 HumbertVille
465	9, rue de Leclerc, 27659 Tanguy-sur-Thibault
466	chemin Besson, 44675 Barbe-la-Forêt
467	46, rue Marion, 66998 Godard
468	752, rue de Lebon, 20797 Joseph
469	7, boulevard de Barbe, 37514 Lefebvre
470	rue de Le Gall, 62336 Delorme-les-Bains
471	18, avenue de Gilles, 27108 Chevallier-sur-Munoz
472	61, avenue Sophie Guillaume, 57822 Guérin
473	85, rue de Lefebvre, 57244 Marie-sur-Brunet
474	90, rue de Pottier, 35563 Grégoire
475	472, chemin Margaret Diallo, 17625 Renault
476	rue Ledoux, 74851 Marchand
477	chemin Denis Valette, 72642 Caron
478	rue Bourgeois, 91903 PascalVille
479	79, rue Marcel Coste, 92429 Sainte André-les-Bains
480	rue Bouchet, 48130 Diallonec
481	rue de Roy, 62188 Launay-la-Forêt
482	38, avenue Verdier, 88763 Sainte Caroline
483	16, avenue Lefort, 44551 Verdierdan
484	1, rue Lagarde, 18232 Delmasnec
485	962, rue Boulanger, 22939 Bonneaudan
486	avenue de Briand, 30312 Dupré
487	646, boulevard de Pons, 55968 Benard
488	274, rue Lucy Lelièvre, 60798 Joly-sur-Chevallier
489	38, chemin de Boutin, 09221 Delmas
490	avenue de Lombard, 08116 MorinBourg
491	7, rue Aimé Valette, 49800 Berniernec
492	635, rue Denise Collin, 25537 Masson-sur-Diaz
493	83, rue Techer, 07103 Rolland
494	boulevard de Chartier, 62221 Reydan
495	76, rue Guillaume Lefebvre, 84444 Fernandez
496	34, avenue Pierre Alexandre, 74883 Guibert
497	163, rue de Bègue, 30423 Pelletier
498	782, rue Thibault Turpin, 88288 Thomas
499	54, avenue Patricia Étienne, 53343 Sainte Noémi
500	71, boulevard Laurence Bourgeois, 59507 Gosselin
501	555, chemin Patrick Gilbert, 90344 Hamel-sur-Mer
502	90, avenue Chevalier, 56775 Sainte Luc
503	9, avenue de Marion, 93711 Gosselin-sur-Muller
504	rue de Lemonnier, 66954 Dupré
505	21, chemin Capucine Chauveau, 11553 Muller
506	511, rue Hortense Dufour, 09639 Garnier
507	9, avenue Guillou, 85942 Saint Constancedan
508	61, rue Faure, 19966 Sainte SébastienVille
509	67, chemin Gimenez, 34609 Saint Augustinboeuf
510	6, rue de Clément, 40720 Mendèsboeuf
511	139, avenue Denis, 95661 Hoareauboeuf
512	35, boulevard de Becker, 24123 Saint Thérèse-les-Bains
513	75, avenue de Goncalves, 01371 Besnardboeuf
514	89, chemin Antoine, 43414 Blanchet
515	6, avenue Stéphane Jacques, 58358 Delattre-les-Bains
516	59, boulevard Hebert, 27919 Gilles
517	78, avenue Virginie Salmon, 06947 Vincent
518	61, rue Denis, 41140 Saint Louise
519	boulevard de Voisin, 53237 Da Costa
520	1, rue Prévost, 25507 David
521	rue Thomas, 29568 Saint Arthur
522	64, boulevard Tristan Gauthier, 26346 Sainte MargauxVille
523	49, rue Goncalves, 56205 Saint AnastasieBourg
524	43, boulevard de Salmon, 43655 Vallet-sur-Laroche
525	5, rue de Ruiz, 93473 Charrier
526	rue de Besnard, 21182 Legros
527	16, rue Georges Millet, 57396 Guyon-la-Forêt
528	80, rue Olivie Lefèvre, 66917 Caron-sur-Roussel
529	579, rue de Carpentier, 81418 Riou
530	18, rue Michelle Leroy, 97328 Saint Marthe
531	219, chemin Lucy Verdier, 67544 Rey
532	750, rue Lacroix, 47893 Boucher
533	30, rue de Breton, 16593 Weiss
534	386, rue de Morin, 92434 Marionboeuf
535	7, rue de Jacob, 03398 Delorme
536	5, rue Guibert, 13787 Lesage
537	boulevard Lejeune, 53689 Prévost
538	chemin Jacques Garnier, 22867 Gomes
539	boulevard Simone Rousset, 33648 Sainte Véronique
540	7, chemin Lévy, 24815 Lemaître
541	26, boulevard de Lopez, 97257 Paul
542	rue de Techer, 23645 Saint LucasBourg
543	66, rue Dos Santos, 14737 Gilbert-sur-Brun
544	131, boulevard Inès Klein, 92116 Rouxdan
545	62, rue de Turpin, 21640 Saint Henrietteboeuf
546	670, rue de Valette, 57457 Sainte Benjaminnec
547	1, chemin Delannoy, 07101 Mauriceboeuf
548	boulevard Gay, 08618 Colin
549	70, chemin Morin, 43305 CordierBourg
550	rue Gabriel Ramos, 18691 SchneiderBourg
551	95, rue de Legros, 08714 Thierry-les-Bains
552	90, avenue de Leblanc, 63587 Maury
553	3, rue Clémence Cohen, 20196 Richard
554	avenue de Laporte, 72650 Merlenec
555	81, boulevard de Gilles, 30943 Mallet
556	88, boulevard de Rossi, 14715 Sainte Philippe
557	76, rue Thérèse Sanchez, 24913 LeconteVille
558	98, rue de Couturier, 12704 Ramos-sur-Mer
559	2, rue de Cohen, 67472 Bonneau
560	boulevard Pauline Petitjean, 97619 Torresnec
561	287, rue Vallée, 93842 Léger
562	79, rue de Boulay, 18876 Lefèvre-sur-Godard
563	32, rue Martine Royer, 62372 Sainte Alix
564	2, rue Nathalie Pons, 17177 Camus-sur-Potier
565	42, boulevard Langlois, 07670 Bonneau
566	92, rue Hardy, 78572 Ledouxboeuf
567	46, rue Lopes, 97294 Brun-sur-Mer
568	47, boulevard Renard, 28889 Saint Susanne
569	14, rue Lévêque, 59135 Saint Alphonse
570	4, rue Maggie Techer, 95546 Alexandre-sur-Pinto
571	81, boulevard Blot, 20377 Sainte Madeleine
572	56, avenue de Hebert, 67452 BarbeBourg
573	14, rue de Besson, 58883 Pottier
574	19, chemin Jeannine Noël, 82925 Loiseau
575	28, rue Astrid Arnaud, 79556 Vincent
576	9, rue Jacques, 69968 Launay-sur-Toussaint
577	57, avenue Laurence Lévêque, 54940 Lemaître
578	672, boulevard Lopes, 01133 LaporteBourg
579	1, boulevard de Colin, 73695 Dias
580	876, rue de Rousseau, 72504 Raynaud-sur-Guyot
581	20, boulevard Louis, 86535 Albert-sur-Lelièvre
582	rue de Legrand, 23109 Leleu
583	87, avenue Joubert, 09522 Larochenec
584	25, rue de Maillot, 19910 Evrard
585	14, avenue Allain, 85337 Clément
586	27, rue Jacqueline Lesage, 55967 Guyon
587	4, chemin Olivie Leduc, 35768 Gérard
588	66, rue Alix Briand, 37675 Saint RenéeBourg
589	3, chemin Barbe, 60363 Weber-sur-Prévost
590	53, avenue de Alexandre, 79519 Saint Adrien
591	199, chemin Nicolas, 88709 Saint Richardnec
592	2, boulevard de Evrard, 72360 Boulanger
593	39, avenue Georges Morel, 80339 Lelièvre-les-Bains
594	28, avenue Weiss, 64609 ColinBourg
595	60, boulevard de Albert, 29732 Bailly
596	101, boulevard Nath Andre, 53119 Moulin
597	28, rue Dorothée Chauveau, 01366 Boyer
598	8, avenue Christophe Boucher, 05250 Royer
599	34, chemin Le Gall, 89398 Saint Agatheboeuf
600	262, chemin Weiss, 51166 Pruvostnec
601	chemin Cécile Maury, 33581 Carpentier
602	avenue de Marie, 82692 Lebon
603	347, rue Gabrielle Ferreira, 24862 Clerc
604	rue de Huet, 06542 Camusboeuf
605	31, chemin Bouchet, 97226 GrondinVille
606	4, boulevard Barbier, 45223 Pelletierboeuf
607	rue de Petit, 64652 Lévêque
608	35, avenue de Blanchet, 29197 Daniel
609	5, chemin Morvan, 89805 Royer
610	1, chemin Allain, 52195 Sainte Christiane-la-Forêt
611	293, rue Labbé, 56837 Hardy-sur-Poirier
612	rue François Launay, 45825 Georges-sur-Denis
613	rue de Robert, 13333 Perez-les-Bains
614	66, boulevard Diaz, 31373 Ferreiranec
615	461, rue Pottier, 54257 Colas
616	rue Maryse Bonnin, 77885 Coulon-la-Forêt
617	31, boulevard de Le Gall, 31525 Hebert
618	65, avenue Delattre, 42415 Mallet
619	avenue Julie Huet, 68491 Gay
620	48, rue Alex Lemaître, 70738 Sainte Monique
621	boulevard Guillaume Poulain, 08272 Neveu-la-Forêt
622	87, boulevard de Carre, 69150 Rogerboeuf
623	32, avenue Blanchet, 02318 Ledoux-sur-Robert
624	887, chemin Faure, 97494 Roche
625	9, chemin Guillaume Le Gall, 14659 Martin
626	39, boulevard Constance Carre, 97341 Benoit
627	rue Barthelemy, 90950 Sainte William
628	chemin Bailly, 11405 Bazin-la-Forêt
629	41, chemin Vaillant, 42600 Thomas-sur-Roussel
630	2, avenue Clerc, 04434 Saint Arnaude
631	rue David Fischer, 83167 Laporte
632	883, rue de Blanchard, 23143 Saint Anouk
633	rue de Girard, 07312 Aubert
634	26, boulevard Letellier, 47961 Samson
635	256, chemin de Perez, 05596 Lacroixdan
636	470, avenue Blondel, 36692 Perret-sur-Payet
637	489, boulevard Bernard, 35760 Vallée
638	3, boulevard Maggie Charpentier, 86984 ClercVille
639	978, boulevard Alix Paris, 10535 Delorme
640	8, rue de Ledoux, 35216 Martel
641	avenue Nicolas Lévy, 51923 Leconte
642	1, rue Fischer, 82720 Michaud
643	36, chemin Arnaude Didier, 89272 Rousset-sur-Lagarde
644	avenue Éric Samson, 53703 Sainte Valérie
645	avenue de Rocher, 77211 Guillou
646	14, rue Bourdon, 42837 Normand-les-Bains
647	rue Patrick Grégoire, 02114 Leblanc
648	15, rue Sophie Lefebvre, 39705 Pichonboeuf
649	265, avenue Brigitte Lecomte, 11623 Joseph
650	1, rue Noémi Baudry, 18676 HoarauBourg
651	chemin Laurent Delaunay, 12449 Germain
652	7, boulevard Legros, 79810 JulienVille
653	5, avenue Ferrand, 37297 LebonBourg
654	84, avenue de Dubois, 41592 Poulain
655	284, avenue Munoz, 76188 Saint Capucine
656	rue Théophile Rivière, 07630 Sainte Roland-les-Bains
657	12, rue de Reynaud, 40793 Blin-sur-Lombard
658	58, avenue Didier, 16296 Lombard
659	341, rue Maréchal, 04831 PintoBourg
660	92, rue de Charpentier, 37694 Lamy
661	3, boulevard Coste, 85829 Boucher-les-Bains
662	24, rue Camus, 12620 Traorenec
663	304, rue Bernard Baudry, 91991 DeschampsBourg
664	rue Martin Guibert, 06730 DufourVille
665	62, rue Valérie Renard, 97471 Hebertnec
666	1, rue Isaac Baudry, 52406 Jean
667	236, avenue Descamps, 03258 Arnaud
668	5, boulevard de Toussaint, 67390 Masse-sur-Mer
669	451, boulevard Faure, 44838 Robert-sur-Pasquier
670	9, rue Dupont, 05879 Saint Joseph
671	chemin de Paul, 58982 Chevallier-sur-Leroux
672	rue de Hervé, 42694 Saint Adélaïdenec
673	10, rue Lacroix, 15669 Durand-sur-Daniel
674	7, avenue Bonneau, 62201 Neveu
675	23, chemin Boutin, 42642 Didier
676	83, rue Suzanne Parent, 62116 Gomes-sur-Bigot
677	42, avenue Brigitte Bourdon, 85478 Delattreboeuf
678	22, avenue de Launay, 79527 Saint Pénélope
679	avenue de Berthelot, 12845 Rolland
680	9, rue Susanne Hardy, 87523 Gonzalezboeuf
681	79, avenue Coste, 75274 Saint Maryse-sur-Mer
682	avenue Daniel Pierre, 13113 Tessier
683	rue Parent, 03861 Sainte Odette
684	75, avenue André Brunel, 75580 Besnard
685	68, rue Simone Vasseur, 32470 Joseph-les-Bains
686	616, chemin de Germain, 48881 Jean-sur-Camus
687	chemin Marianne Chevalier, 90561 Saint Emmanuelle
688	13, avenue de Martel, 30904 Besson
689	6, avenue Lucas Noël, 92259 Lecoq-sur-Michel
690	7, avenue Isaac Masson, 40566 Boulanger-sur-Renaud
691	rue Guy Chauvin, 68807 Mahe
692	285, boulevard Anastasie Boulay, 60394 Lemonnier
693	754, rue Frédéric Marty, 40862 Leduc
694	91, boulevard Auguste Legrand, 13432 Saint Océane
695	382, boulevard Mercier, 72527 Regnier
696	74, rue Marcelle Noël, 84863 Raynaud-sur-Mer
697	68, rue de Noël, 23998 Pelletier
698	86, rue Teixeira, 79585 Couturier
699	73, chemin Baron, 40286 Peltier
700	658, rue de Monnier, 26112 Gillet
701	722, rue Dorothée Coulon, 82119 Delaunaynec
702	27, rue Julien, 30172 Godard
703	85, rue Gaudin, 48842 Leclercq
704	54, chemin de Turpin, 97119 Raymond
705	650, boulevard Guérin, 71144 Olivier
706	13, chemin de Jourdan, 05869 Colas
707	1, chemin Michel Pereira, 04613 Ferrand-sur-Ollivier
708	9, rue Maillard, 86766 Sainte JulieBourg
709	728, rue de Lefebvre, 72172 Dias
710	77, rue Alex Ferrand, 07849 Moreno-sur-Duval
711	49, rue William Toussaint, 44894 Perret
712	75, boulevard de Barbier, 93131 Fabre
713	13, chemin Renaud, 61455 Menard
714	chemin Lejeune, 59358 LaporteBourg
715	257, boulevard de Vasseur, 69480 Schneider-sur-Bouchet
716	27, chemin de Duval, 65558 Perret-la-Forêt
717	47, rue Foucher, 90298 Gros
718	34, rue Agathe Antoine, 82765 Sainte Thérèse-les-Bains
719	81, rue Amélie Pelletier, 36990 Menardnec
720	837, boulevard Lucy Étienne, 85117 François
721	15, rue de Tanguy, 15277 Picardnec
722	69, avenue Bernard, 87504 Pascal-sur-Gérard
723	46, boulevard de Fernandez, 97184 MarinBourg
724	7, chemin Anastasie Loiseau, 66857 Baudrydan
725	34, boulevard de Payet, 97350 Dos Santos
726	89, avenue Grégoire Dupré, 05614 Saint Claudine
727	34, boulevard Bazin, 97496 Pierre-sur-Mer
728	5, rue Nicole Roux, 32526 Renaud
729	1, rue de Fernandez, 97372 Sainte Dominique
730	163, rue Michelle Reynaud, 62135 Pinto
731	4, chemin de Perrier, 55138 Sainte Jeannenec
732	avenue Costa, 06730 Toussaint
733	3, boulevard Regnier, 35455 Mercier-les-Bains
734	chemin Cohen, 07528 Gimenezboeuf
735	85, chemin Lemaire, 36453 Gillet-la-Forêt
736	24, rue de Paris, 33377 Turpin
737	6, boulevard Pénélope Hervé, 29212 Fernandes
738	57, rue Georges Jacob, 76373 Torres-sur-Gilbert
739	172, rue Élodie Roussel, 57997 Allain
740	378, chemin de Alexandre, 50511 Sainte Marie-la-Forêt
741	rue de Mahe, 11627 Marty
742	10, boulevard Marcelle Delaunay, 32764 Bigot-sur-Mer
743	21, boulevard De Sousa, 91193 Sainte Alixboeuf
744	33, rue Adélaïde Marchal, 01354 Lucas-la-Forêt
745	77, boulevard Lévy, 48975 Martineau
746	619, rue Robert Robert, 41312 Devaux-sur-Bonnet
747	322, avenue de Auger, 07282 Vaillant
748	rue Jean Ledoux, 20940 Poirier
749	935, boulevard Dos Santos, 16886 MaryVille
750	79, avenue Michel Blanchard, 26764 Fouquet
751	8, chemin de Aubert, 05809 Joubert
752	7, boulevard Agnès Bouvet, 62757 Dupuis-sur-Torres
753	68, boulevard Labbé, 05844 Vasseur-sur-Robert
754	1, chemin Pages, 54806 Deschamps
755	9, rue Labbé, 17778 Da Silva
756	546, avenue Briand, 95570 Legrand
757	677, rue Michèle Richard, 64618 Saint MichelleVille
758	64, rue Schneider, 79890 Kleinnec
759	78, chemin Gay, 20721 Bouvier-sur-Perrot
760	580, avenue de Roger, 63737 FischerVille
761	40, rue de Gomes, 66126 Cordier
762	4, boulevard Meyer, 61974 Huet-sur-David
763	49, avenue Charlotte Payet, 09560 Lévy
764	avenue Pinto, 89555 Techerboeuf
765	rue de Legros, 85726 Sainte Alfred
766	57, rue de Bouvet, 92405 Saint Roger
767	avenue Aimée Blanchet, 02300 Gaynec
768	63, rue Josette Weber, 80275 SeguinVille
769	508, rue Paris, 35665 Jacquot
770	29, chemin de Maréchal, 34836 Buisson-sur-Grondin
771	rue Dupré, 17735 Leleu
772	77, chemin Étienne Carlier, 97176 Bousquet-sur-Lemaire
773	3, chemin Charlotte Fleury, 89828 Saint Matthieu
774	583, boulevard de Hoarau, 66522 Salmon
775	16, rue Stéphanie Laroche, 22171 Lucas
776	4, rue Guillon, 69371 DiasBourg
777	83, boulevard Paul, 57756 Rivière
778	483, boulevard Meunier, 46897 Guillon
779	925, avenue Salmon, 51879 Schmitt
780	13, rue Marthe Bousquet, 03870 Poulain
781	18, boulevard Pichon, 65475 DupréVille
782	886, avenue Moulin, 76483 Sainte JeanneBourg
783	613, chemin de Allard, 51572 Leblanc
784	403, chemin de Martel, 97144 Potier-la-Forêt
785	2, chemin Susanne Couturier, 07834 Sainte André-sur-Mer
786	56, rue Emmanuel Lesage, 83953 Huet-sur-Jacob
787	10, boulevard Wagner, 52977 Martinsdan
788	902, rue Hugues Camus, 07834 Diaz
789	avenue de Hubert, 52147 Guillon-la-Forêt
790	24, rue Alfred Pasquier, 29666 Bertin-sur-Mer
791	96, avenue Mathilde Samson, 69468 Saint Anaïs-sur-Mer
792	410, rue Maurice, 31376 Saint Agnès
793	39, boulevard Lucas Faure, 75900 Ruiz
794	44, rue Roland Diaz, 97328 RémyVille
795	98, rue Seguin, 11529 Saint Alexandrie
796	647, boulevard Seguin, 17850 Pineau
797	rue de Collet, 97182 Sainte Marianneboeuf
798	638, boulevard Giraud, 03437 Roussel
799	13, rue de Chauvin, 32642 Saint Laurentboeuf
800	rue Philippine Philippe, 53638 Cohen
801	21, rue Raymond Charrier, 47974 Petitjean
802	rue de Perez, 27770 Barre-sur-Mer
803	chemin Jacqueline Turpin, 76778 Gallet
804	63, chemin Sébastien Boulanger, 43475 Saint Margaretnec
805	842, boulevard Claude Hoarau, 86626 Lefèvre-sur-Lambert
806	rue Marie Navarro, 30636 Ferrand-sur-Leclercq
807	34, avenue Margaret Mathieu, 13589 Sainte Émile
808	4, chemin de Pichon, 51966 Leblanc
809	806, rue de Devaux, 11807 Guichard
810	60, chemin Clerc, 34536 Lamy
811	71, chemin de Leroy, 18104 Roux-les-Bains
812	44, rue Cordier, 78679 Sainte Odette-sur-Mer
813	544, boulevard Léger, 67416 Coste-sur-Leroux
814	772, rue Manon Menard, 22711 Maréchalboeuf
815	82, rue de Pottier, 11526 Sainte Chantal-sur-Mer
816	310, rue Isaac Pereira, 95610 Saint Patricia
817	26, avenue Dorothée Salmon, 86289 Sainte MargueriteBourg
818	36, chemin Petitjean, 32501 Saint GrégoireVille
819	89, boulevard Élise Arnaud, 97414 Rousset
820	19, chemin Thibaut Faure, 66629 Le Roux
821	917, boulevard de Louis, 75143 MorenoBourg
822	boulevard de Raymond, 83892 Gimenez
823	5, chemin Julien Meunier, 45641 Torres
824	2, boulevard Bouchet, 05280 MarieVille
825	7, rue Diane Marchand, 75575 Benoit
826	34, boulevard Durand, 74114 Navarro
827	605, rue Laurent, 21794 Saint Alaindan
828	boulevard Alfred Lemaire, 24534 Lévêque
829	boulevard Juliette Weiss, 28401 Saint Bernadette
830	29, rue Valentine Pages, 51496 Traore
831	26, boulevard Alexandre Pages, 87739 Sainte MatthieuVille
832	95, boulevard Pereira, 02949 Marty
833	rue de Masse, 01550 Lelièvre
834	97, boulevard Brunet, 87243 Lambert-sur-Mer
835	11, rue de Perrin, 30215 ChartierVille
836	boulevard Océane Duval, 12703 Lelièvrenec
837	rue de Guillot, 97477 Loiseaunec
838	78, avenue Fernandez, 41489 Sainte Francknec
839	28, boulevard Constance Masson, 30499 Weber-la-Forêt
840	9, avenue Labbé, 09241 Lévêque
841	36, rue André Guilbert, 11854 Sainte Christelle-sur-Mer
842	6, avenue Éric Marchal, 41316 HenryVille
843	rue de Lesage, 22269 Poirier
844	61, avenue Marianne Blin, 75670 Saint Mariannedan
845	30, rue de Le Gall, 21230 Sainte Margot
846	38, boulevard Bernard Lemoine, 55986 Lopez
847	47, rue Legros, 16517 RocherBourg
848	110, rue de Julien, 57958 Neveu
849	35, boulevard de Louis, 51138 Blanchet
850	rue Becker, 13375 Dupontdan
851	26, rue Hugues Moreau, 41129 Lecomte
852	36, rue Virginie Rolland, 50460 Clerc-sur-Hebert
853	6, avenue de Pascal, 13846 Hardy
854	avenue de Maury, 84948 Martins-sur-Maurice
855	avenue de Peltier, 42655 Legendre
856	avenue Corinne Lecoq, 32460 Monnier
857	36, rue de Joly, 89682 Saint Marie-sur-Mer
858	16, boulevard de Vaillant, 17337 Sainte DianeVille
859	69, chemin Marthe Mahe, 63724 Riou-sur-Fleury
860	rue de Lacombe, 14643 Nguyen
861	avenue Collin, 97444 Hubert
862	44, chemin Daniel Valette, 41624 Saint Virginiedan
863	6, avenue Auger, 84534 Dupuy
864	99, avenue Guillaume, 34294 Traore
865	650, chemin de Guichard, 91556 Bernard
866	641, chemin Weber, 30492 Sainte Michel
867	28, chemin Sauvage, 82340 Reyboeuf
868	rue Clémence Pages, 50654 Boulay
869	rue Gabrielle Benard, 83729 Carpentier
870	6, chemin Guillaume Aubert, 20955 Benard
871	94, boulevard de Gilles, 31429 TexierBourg
872	78, avenue Laurent Julien, 34622 Sainte Maggienec
873	rue de Julien, 51164 Martineau
874	rue de Mary, 82659 Ruiz
875	58, boulevard de Gosselin, 82363 Tessier
876	boulevard Bernard, 72553 Lagarde
877	47, boulevard de Deschamps, 81537 Dias-sur-Mer
878	48, rue Marques, 24940 Saint Julien-sur-Mer
879	17, boulevard Philippine Cousin, 04922 Sainte Jules-la-Forêt
880	38, rue Christine Blot, 63370 PerrinBourg
881	629, rue de Poulain, 51949 Leconte-sur-Vasseur
882	boulevard Manon Fouquet, 88823 Roger
883	365, boulevard Salmon, 97236 Marques
884	8, boulevard de Gomes, 85158 Riounec
885	12, boulevard de Weber, 91597 Picard
886	55, avenue Laurent, 89799 Saint Marie
887	28, rue Allard, 85535 Barbe
888	rue de Marin, 24219 Aubert
889	236, rue de Navarro, 80957 Mary
890	1, rue Dupont, 18517 Sainte Franckdan
891	25, boulevard Honoré Bernier, 36497 Brun-la-Forêt
892	96, avenue de Navarro, 02841 Saint Claire-la-Forêt
893	60, rue de Techer, 45515 Vaillant
894	1, rue de Vasseur, 58955 Maillard-sur-Louis
895	73, chemin Ramos, 19346 MaréchalBourg
896	39, boulevard Laurence Le Gall, 58222 Laurent-sur-Ledoux
897	956, rue Guyon, 60920 Marques-les-Bains
898	rue Devaux, 01258 Renaudboeuf
899	5, boulevard de Gimenez, 93947 Mercier-sur-Mer
900	456, chemin de Dupont, 02336 Pinto-la-Forêt
901	boulevard Maréchal, 17525 Martineaunec
902	51, chemin Poulain, 93572 LévyBourg
903	92, boulevard de Rivière, 97669 Mallet
904	993, avenue de Nguyen, 76326 Benoit
905	7, rue de Poulain, 47612 Legrand-sur-Bazin
906	78, rue de Thierry, 82858 Mahe
907	99, rue Briand, 69418 Lacombeboeuf
908	3, rue Capucine Da Silva, 11950 Gilbertnec
909	260, rue de Samson, 12956 Pereira-sur-Blanc
910	45, chemin de Lecoq, 31796 Dos Santos
911	34, avenue Chantal Fontaine, 12552 Saint Pierre
912	97, boulevard Colette Pires, 77253 Vidal
913	39, boulevard Marthe Marchand, 67294 Saint Yvesdan
914	50, rue Sophie Rey, 06103 Cordierboeuf
915	886, rue Loiseau, 73962 Parent-sur-Girard
916	95, rue Bouvier, 37841 Saint Robert
917	7, rue Christophe Morel, 70813 Leblancboeuf
918	71, rue Gabriel Renaud, 45200 Laroche-la-Forêt
919	97, rue Mace, 78218 Martinez
920	90, rue Benoît Masse, 30373 Garnier
921	72, boulevard Adam, 28586 Sainte Marysenec
922	3, boulevard de Launay, 86793 Legendre-sur-Duhamel
923	68, chemin Chrétien, 27707 Dupuis
924	rue Aimée Faivre, 08655 DelormeBourg
925	210, avenue Virginie Lemaire, 27995 Mace-les-Bains
926	72, rue de Turpin, 36764 Da Costa
927	88, chemin Marguerite Legendre, 05653 Vidal
928	49, boulevard Legrand, 51775 Moreaudan
929	8, avenue de Morin, 31448 Guillou
930	84, boulevard Margot Germain, 94671 Raymonddan
931	4, chemin Paul Guilbert, 52716 Hernandezboeuf
932	4, boulevard de Lenoir, 64684 Lesage-sur-Laporte
933	chemin Becker, 76866 Coste-sur-Leduc
934	95, avenue Matthieu Blondel, 07836 Girard-la-Forêt
935	chemin de Texier, 44582 Lecoq
936	22, avenue de Fleury, 10520 Sainte Jacqueline-la-Forêt
937	439, avenue de Pottier, 34757 Sainte Alice-sur-Mer
938	7, rue Thibaut Blanchard, 87286 Benard
939	36, boulevard Pénélope Hoarau, 54201 Pineau
940	737, boulevard Philippine Vaillant, 29254 Boulay
941	94, boulevard Durand, 61917 Brundan
942	4, rue Courtois, 93738 Sainte Lucnec
943	boulevard Dos Santos, 85955 Lefebvreboeuf
944	8, chemin Olivier Ribeiro, 33213 Dupuy
945	91, boulevard de Ruiz, 63242 Nguyen
946	92, avenue Danielle Tanguy, 85186 Guichard
947	32, chemin Leroux, 92895 VerdierVille
948	77, chemin Margaud Jacob, 52704 Lelièvre
949	40, boulevard de Bonnet, 23169 Saint Jeannine
950	193, rue Lucas, 88136 Sainte Bernadette
951	11, boulevard Potier, 04208 LedouxBourg
952	71, boulevard Olivier Fouquet, 22226 Descamps
953	74, rue Laporte, 02391 Sainte Martinenec
954	48, rue de Marty, 87147 Bertrand
955	54, rue de Dias, 34668 Garcia-sur-Pichon
956	26, rue Adélaïde Klein, 03450 Cousin-sur-Gomez
957	2, rue Dupuy, 10500 Merlenec
958	17, chemin Yves Weiss, 68739 Sainte Hugues
959	89, avenue Alves, 65868 Charpentier-la-Forêt
960	rue Blondel, 75414 Roger-la-Forêt
961	boulevard Gabriel Carpentier, 39125 Saint Timothée
962	89, rue Audrey Bertrand, 44946 JacquesBourg
963	47, boulevard Tessier, 19623 Rodrigues-la-Forêt
964	79, rue Amélie Lacroix, 97125 Tanguy-la-Forêt
965	6, rue de Courtois, 97169 OlivierVille
966	941, avenue de Valette, 65890 Leconte
967	395, rue Madeleine Rousset, 71646 Bèguedan
968	30, rue Lelièvre, 07540 Bourdon
969	49, boulevard Guérin, 87320 Blot
970	2, rue de Bodin, 54695 Martin
971	42, rue Julien, 27279 Colasnec
972	avenue de Dupré, 15604 Leleu
973	50, avenue Charles Samson, 29336 Rolland
974	346, rue Bernard, 42409 Voisin-sur-Bourgeois
975	rue Daniel Barthelemy, 97336 Lefebvre
976	rue Margot Potier, 63825 Rousset-sur-Mer
977	boulevard Lucas Roy, 21200 FleuryVille
978	chemin Catherine Leroux, 25608 PascalVille
979	74, rue Susan Gilles, 59116 Sainte Antoinette
980	9, boulevard Thibaut Tessier, 60908 Guilbertdan
981	6, rue Étienne Rodriguez, 35344 CoulonVille
982	92, rue de Parent, 90965 Georges
983	53, boulevard Leroux, 43289 Guillondan
984	9, avenue Devaux, 52738 Lopes
985	98, avenue Denise Morvan, 36437 Peron
986	rue de Dupuis, 89809 Bouchet-sur-Brunel
987	9, boulevard Martine Lelièvre, 97452 Pottier
988	686, boulevard Margot Dupont, 92643 Maury
989	35, avenue Bonnin, 85382 Ramos
990	64, chemin Renée Arnaud, 90860 Saint FrédériqueBourg
991	405, chemin Lejeune, 28808 Marty
992	86, rue Lefebvre, 21614 Roux-sur-Richard
993	avenue Monique Louis, 36798 Sainte Guy
994	95, rue de Rousseau, 03931 ChrétienBourg
995	242, avenue Da Silva, 33436 Thibault
996	1, chemin Margaud Lecomte, 32346 Hardy
997	90, rue Adélaïde Henry, 85807 Rossi
998	rue Pons, 20862 Legendre
999	13, rue Maryse Marin, 62977 Lagardedan
