0	Faure
1	Étienne
2	François
3	Saint Oliviernec
4	Charles
5	Sainte Stéphanie
6	Guillot
7	Mary
8	Roche
9	Henry
10	Sainte Xavier-la-Forêt
11	Boutin
12	Saint Hugues
13	Leconte
14	Saint Émile
15	Saint Suzanne
16	Roussel-sur-Mer
17	Chartierdan
18	Maillard
19	Sainte Catherine
20	Barthelemy
21	Mailletboeuf
22	Voisin
23	Guyon
24	Saint Manondan
25	Guyot-sur-Rolland
26	Petitjean-la-Forêt
27	Rouxnec
28	Le Rouxnec
29	Rossinec
30	Sainte Nathalie
31	Coulon
32	Saint Alfreddan
33	Gauthier
34	Maryboeuf
35	LucasVille
36	Guichard
37	Potierdan
38	Saint Marine-les-Bains
39	Langloisdan
40	Lacroix-sur-Dupré
41	Clercdan
42	Renault
43	Neveu
44	Bonnet
45	Fernandes
46	Raynaud
47	Sainte HenrietteBourg
48	Le Goffdan
49	Hernandez
50	Parent-sur-Lelièvre
51	Le Gall
52	Masse
53	Mace-les-Bains
54	Gomes-sur-Carre
55	Collet-la-Forêt
56	Pierre-les-Bains
57	Sainte Sylvienec
58	Marques
59	Lopes
60	Saint Aimé
61	Carre
62	Guibert-sur-Mahe
63	Laurent
64	Legros-sur-Mer
65	Cohendan
66	Sainte Alixnec
67	Dijoux
68	Sainte Lucie-les-Bains
69	Hervé
70	Bodin-la-Forêt
71	MorelBourg
72	Saint Thérèse
73	Fabre
74	Sainte Marc-les-Bains
75	MerleBourg
76	Bouchet
77	FleuryBourg
78	Jacob-sur-Mer
79	Tessierdan
80	Dupont
81	Couturier
82	Lecomte
83	Verdierboeuf
84	Monnier
85	Rousset
86	Renaud
87	Hubert
88	Traore-sur-Laurent
89	Barthelemynec
90	Peltier
91	Barre
92	Labbé-la-Forêt
93	Bernierboeuf
94	Gaudin
95	Legros
96	Saint Richarddan
97	Saint Marcelle-la-Forêt
98	Lévy
99	Sainte Grégoire
100	Martel
101	Paris-sur-Mer
102	Blindan
103	Martinboeuf
104	Legendre-les-Bains
105	Gomez
106	Saint Marc
107	Jacob-sur-Gilles
108	Martin
109	Gillet-la-Forêt
110	Leleu-les-Bains
111	Rodrigues-sur-Joseph
112	Delahaye-sur-Gros
113	Perrier
114	Lejeunedan
115	Chartier-sur-Marie
116	Coste
117	Brun
118	Laporte
119	CamusVille
120	Traore
121	GomezVille
122	Saint Aiméboeuf
123	Lucas-sur-Mace
124	Rodriguez-sur-Normand
125	Auger
126	Marques-sur-Mer
127	Maillet-sur-Brunet
128	Girard
129	Giraud
130	Sainte RichardBourg
131	Saint Thérèse-la-Forêt
132	Chevallier
133	Saint François
134	Jacquet
135	Guilbertdan
136	Meunier-sur-Lesage
137	Humbertnec
138	Lévêque-sur-Mer
139	Charrierboeuf
140	Marty
141	Payet
142	Pichon
143	Durand
144	Buisson
145	Lagarde
146	Bergernec
147	Bernard-sur-Mer
148	Turpin-sur-Camus
149	Massedan
150	Gay-sur-Chrétien
151	Pottier-sur-Meunier
152	Devaux
153	Diallo
154	CosteVille
155	Mahe
156	Moreno
157	Baron
158	Dupuisdan
159	Leblancdan
160	Andre-la-Forêt
161	Gonzalez
162	Monnier-les-Bains
163	Menard
164	Besson
165	Noël
166	Brundan
167	Saint Robert-les-Bains
168	Morvan
169	Sainte GérardVille
170	Saint Jeannec
171	Guillaume
172	De Sousa-sur-Dos Santos
173	Schneider
174	Sainte Josephdan
175	Chauveau-sur-Evrard
176	Teixeira
177	Saint Victor
178	BlinVille
179	Cohen-sur-Hardy
180	Guérin-les-Bains
181	Sainte Alexandrie-sur-Mer
182	Teixeira-sur-Le Goff
183	Saint Charlotte
184	Aubertnec
185	Lemoine-les-Bains
186	Lenoir-sur-Riou
187	Blot
188	Chevallier-la-Forêt
189	Lelièvre
190	Seguin
191	Saint Valérie
192	Raymondboeuf
193	Imbertdan
194	TeixeiraVille
195	Saint Nicolas
196	Chevallier-sur-Mer
197	Sainte Stéphanenec
198	Denis
199	Perrot
200	Camus
201	Lefèvre
202	Barbenec
203	Petitjean
204	Garnierboeuf
205	Gay-sur-Hardy
206	Lemaire-sur-Techer
207	Roche-sur-Jacquet
208	FabreVille
209	Maillot
210	Lucas
211	Boulanger-sur-Rousset
212	Saint Victoireboeuf
213	De Sousa-sur-Mer
214	BonninVille
215	Vidal-sur-Fernandez
216	Besson-les-Bains
217	Garciaboeuf
218	ChauvetBourg
219	Sainte Danielnec
220	Perret
221	Robinboeuf
222	Fouquet
223	Gimenez-sur-Mer
224	Moreauboeuf
225	Chrétien
226	Godard
227	ColasBourg
228	Sainte Bernarddan
229	Muller
230	Torres
231	Roux
232	Sainte Pierreboeuf
233	Maillot-la-Forêt
234	Michauddan
235	Marquesnec
236	Bourgeois
237	Carlierdan
238	FoucherBourg
239	DanielBourg
240	Sanchez-sur-Berger
241	Maury
242	Juliennec
243	BaronBourg
244	Andrenec
245	Jacques
246	MartinsBourg
247	Fontaine-sur-Brun
248	Saint Adèle
249	Lévyboeuf
250	Sainte Élodie
251	Saint Martin
252	DupuyVille
253	Carpentier
254	Morinnec
255	Lombard-les-Bains
256	LaporteVille
257	Lebrun
258	Colas
259	Sainte DavidVille
260	DevauxVille
261	Saint Éric
262	Saint Sébastien
263	Paris
264	Sainte Stéphane-la-Forêt
265	Delmas
266	Sainte Aliceboeuf
267	Brun-sur-Mallet
268	Huet-sur-Mer
269	Normand
270	BriandVille
271	Bonneau
272	Blot-sur-Mer
273	BlotBourg
274	Peron
275	Humbert
276	Gautier-sur-Mallet
277	Saint Nicolenec
278	Olivier-sur-Traore
279	Ruiz-sur-Lemoine
280	Sainte MarianneBourg
281	Saint Christine-les-Bains
282	Sainte Suzannenec
283	Rousseau
284	Cousin
285	Brunel
286	JacobVille
287	Rey
288	Ferrand
289	Sainte Benjaminboeuf
290	Meunier-sur-Guichard
291	Albert
292	Hoareau
293	Bigot
294	Saint Alexandria
295	Le Roux
296	Thierry-les-Bains
297	Julien
298	BarreVille
299	Sainte Capucine
300	Imbert
301	Schmitt
302	Saint Jérôme
303	Vallet
304	Saint SuzanneVille
305	Didier-sur-Pelletier
306	Sainte Danielle
307	Maurice
308	Saint Susanne
309	MercierBourg
310	Saint Madeleine
311	Saint Madeleinedan
312	Charpentier
313	Guillaume-sur-Mer
314	Guillaume-sur-Collin
315	Saint Thierry
316	Mercier
317	AubryBourg
318	Louis
319	Laroche
320	Hamon
321	Baudry
322	Wagner-sur-Leblanc
323	Devauxboeuf
324	Weber-la-Forêt
325	Saint Michelle-la-Forêt
326	Sanchez-sur-Lévêque
327	Poirier
328	Saint Antoinette
329	PetitjeanBourg
330	Clerc-sur-Boulanger
331	Chauvin
332	Sainte Timothéedan
333	Weber
334	Lemonnier
335	Sainte Alexandrie-les-Bains
336	AllainBourg
337	Joseph-sur-Mer
338	Saint Victor-les-Bains
339	Thibault
340	Perrin-la-Forêt
341	Rossiboeuf
342	DupréVille
343	Lecomte-sur-Tessier
344	Lemaîtreboeuf
345	Rivière
346	Bernard-sur-Leroy
347	Saint Gérard-les-Bains
348	Sainte Denis
349	Saint Élisabeth
350	Sainte Élise
351	DavidVille
352	Antoine
353	Pineau
354	Cousinnec
355	Bouvet
356	Gautier
357	Saint Yves
358	Saint Inèsdan
359	Grenier
360	Sauvage
361	Pons-sur-Bertin
362	Brun-les-Bains
363	Sainte Henriette-sur-Mer
364	DiasVille
365	DumasBourg
366	Leroux
367	Dupuy
368	NoëlVille
369	Masson
370	Sainte Joseph-la-Forêt
371	Dumasdan
372	Brunet
373	Gomez-sur-Lemaître
374	Fernandez
375	Colletdan
376	LombardVille
377	Lamy
378	Bailly
379	Munoz
380	Bodin
381	Sainte Léon
382	Andre
383	Duhamelnec
384	Pottier
385	Sainte Jacquelinenec
386	Michel-la-Forêt
387	NicolasBourg
388	Germain
389	Roger
390	Barbier-sur-Rousseau
391	Regnier-la-Forêt
392	Sainte Arthur
393	Saint Margot-sur-Mer
394	Saint Emmanuel
395	Guyon-les-Bains
396	Lebreton
397	Sainte Alix
398	Gosselin-sur-Gallet
399	Hoaraudan
400	Lombard-sur-Mer
401	Marydan
402	BlondelVille
403	Martineau
404	Texier
405	Sainte Gérarddan
406	Sainte Édouarddan
407	Millet
408	Blinnec
409	DenisVille
410	Lacombe
411	Dijoux-sur-Perret
412	Chevallier-sur-Fleury
413	Saint Christine
414	Saint Odette
415	Meyer-sur-Mer
416	Brunet-sur-Mer
417	Guérin
418	Sanchez
419	Saint Élisabethnec
420	Allardnec
421	Marion
422	Cohen
423	Salmon
424	Sainte Alain
425	Saint Andrée
426	Sainte Agathe
427	Perrot-les-Bains
428	Dupuis
429	LagardeBourg
430	Sainte William
431	Marionboeuf
432	Sainte Raymond
433	Bonnin
434	Rodriguez
435	Étienne-sur-Daniel
436	Guillou
437	Saint Aimé-la-Forêt
438	David
439	Cordiernec
440	Saint Brigitte
441	Pires
442	Payet-sur-Vasseur
443	Laroche-la-Forêt
444	Gillet-sur-Bègue
445	Sainte DeniseBourg
446	Massonnec
447	Guyot
448	LagardeVille
449	Lopez
450	Marie-la-Forêt
451	Sainte Corinnenec
452	Meunierdan
453	Maréchal-sur-Paul
454	Maceboeuf
455	Rousset-sur-Lemoine
456	Didier
457	Laurentnec
458	Perez-les-Bains
459	Bonneaunec
460	Schneidernec
461	Pasquier
462	Marchand
463	Bazindan
464	Mercierdan
465	Samson
466	Boulay
467	Hamelboeuf
468	Andre-les-Bains
469	De OliveiraVille
470	Klein-sur-Lacombe
471	Maréchal-sur-Mer
472	PineauVille
473	Merle
474	Saint Élisabeth-sur-Mer
475	GomezBourg
476	Valentin
477	Lévynec
478	Saint AurélieVille
479	Sainte Nath
480	FerreiraVille
481	Leleu
482	Blot-les-Bains
483	Germain-sur-Jacques
484	Weiss-sur-Delaunay
485	Saint SimoneBourg
486	Lemaître
487	Saint Alexandrie
488	Saint Michèle
489	Regnier
490	Raymond
491	Le Goff
492	Sainte Margaud-les-Bains
493	GautierVille
494	Toussaintboeuf
495	Saint Marcel
496	Saint Diane
497	Moulin
498	Saint Virginie
499	Sainte Thibautnec
500	Gallet
501	Joseph
502	Diaz
503	Neveu-sur-Guillou
504	Leleu-sur-Cohen
505	Torresnec
506	Saint Alix
507	Rémy
508	Lebon
509	Verdiernec
510	Pichondan
511	Boucher-sur-Mer
512	Sainte Madeleine-sur-Mer
513	Bègue
514	RémyVille
515	Petit-sur-Michel
516	Boyer-sur-Mer
517	Blotboeuf
518	Legros-sur-Chevallier
519	Delattre-sur-Charpentier
520	Bertrand
521	Sainte Lucas-les-Bains
522	Sainte Laurent
523	Langlois
524	Étienne-sur-Coulon
525	Sainte Marie-la-Forêt
526	Alexandre
527	Le Gall-sur-Mer
528	Sainte Manon
529	Fabre-sur-Mer
530	Daniel
531	Roussel
532	Saint Antoine-les-Bains
533	Ledoux
534	Bèguedan
535	MorenoBourg
536	PerrotVille
537	Sainte Joseph
538	Royer
539	TessierBourg
540	Girauddan
541	Duvaldan
542	Sainte AlexandrieVille
543	Baudry-les-Bains
544	Morel-les-Bains
545	Maurice-sur-Diallo
546	Tessier
547	Lenoir-sur-Mer
548	Rémy-la-Forêt
549	Saint CélineVille
550	Foucher
551	Bazin-les-Bains
552	Martel-sur-Hamel
553	Letellier
554	LeducVille
555	Sainte Michèle-les-Bains
556	Sainte MartheBourg
557	Neveuboeuf
558	Saint Anaïs-la-Forêt
559	Pinto
560	Roy
561	Lejeune
562	Saint Nathalie
563	Reynaud-les-Bains
564	HardyVille
565	Saint Christelle
566	Sainte Henriette
567	Pruvost-sur-Paul
568	DelannoyBourg
569	Guilbert
570	Saint Olivie
571	Sainte Margot
572	Fernandes-sur-Vincent
573	Pinto-la-Forêt
574	Payetdan
575	Parent
576	Laportenec
577	Leroy
578	Ledoux-les-Bains
579	Leleu-la-Forêt
580	BègueVille
581	Robin
582	ReyVille
583	Saint Guillaume
584	Saint Lucie-les-Bains
585	Rousset-les-Bains
586	Caron
587	BaillyVille
588	Jacob-la-Forêt
589	Saint Denis
590	Marchal
591	Sainte Honorénec
592	Dumas
593	Dijoux-sur-Mer
594	Lebon-sur-Charrier
595	Bouchet-les-Bains
596	ColletBourg
597	Martins-sur-Pinto
598	Sainte ValentineVille
599	Saint Odettedan
600	Leducnec
601	Sainte IsabelleVille
602	Chauvet
603	Evrard
604	Lecoq-sur-Maillot
605	Chartier-la-Forêt
606	Lemaire
607	Roux-les-Bains
608	HervéVille
609	Diallo-les-Bains
610	Saint Margot
611	Guyon-sur-Bourdon
612	Rossi
613	CarreVille
614	Saint Daniel
615	Pasquier-la-Forêt
616	Germain-sur-Regnier
617	Berthelot-sur-Mer
618	Delahaye
619	Robert
620	Sainte Oliviernec
621	Saint Nathnec
622	Dufour-les-Bains
623	Giraudboeuf
624	Fouchernec
625	Saint MargotBourg
626	Durandboeuf
627	Riounec
628	Cousin-sur-Mer
629	Peron-sur-Lucas
630	Saint YvesBourg
631	Duhameldan
632	Sainte Élisabeth
633	Mallet
634	Sainte Zoé
635	Aubert
636	Le Goff-sur-Schneider
637	Lombarddan
638	Guilletnec
639	Salmon-sur-Rodrigues
640	Meunierboeuf
641	Faivre
642	Sainte ThérèseVille
643	Joubert-sur-Guillon
644	De Sousa
645	Sauvage-sur-Fernandes
646	Hoareauboeuf
647	WeberVille
648	Loiseau
649	Deschampsdan
650	Garcia-la-Forêt
651	Lecomte-la-Forêt
652	Mendèsdan
653	Pereira-la-Forêt
654	Saint Françoise-les-Bains
655	Sainte Bertrand
656	Tessier-sur-Bailly
657	Menard-la-Forêt
658	Da Costa
659	Chauveauboeuf
660	Goncalvesboeuf
661	Sainte Anouk-sur-Mer
662	DelahayeVille
663	Guibert-les-Bains
664	Sainte Maryse
665	David-sur-Vaillant
666	DidierVille
667	PereiraVille
668	Lacombe-sur-Bertin
669	Philippe
670	Sanchez-sur-Lemaire
671	Sainte Alexnec
672	Gérard
673	Lemaire-la-Forêt
674	Sainte MaryseBourg
675	Laporteboeuf
676	MaillardBourg
677	Chevallier-sur-Lemaire
678	Potier
679	Benard
680	Huet
681	GermainVille
682	Sainte Josettenec
683	Moreldan
684	Delmas-sur-Mer
685	Pasquierboeuf
686	Boucher-la-Forêt
687	Adam
688	Sainte Adrien
689	Godardboeuf
690	FischerBourg
691	Henry-sur-Mer
692	Klein
693	Vallée
694	Blanchard
695	Philippedan
696	Sainte Margaux
697	Sainte Andréeboeuf
698	Clément
699	Sainte FrédériqueBourg
700	Sainte PhilippineBourg
701	Picard-sur-Rocher
702	Brunetdan
703	Leblancboeuf
704	Labbé
705	Bousquetdan
706	Courtois
707	Ribeironec
708	Leconte-sur-Lelièvre
709	Barthelemy-sur-Chartier
710	Gauthierboeuf
711	Saint Michèle-les-Bains
712	LaineVille
713	Lelièvre-sur-Julien
714	Berger
715	Clerc
716	Schneiderdan
717	Bruneldan
718	Chauvet-sur-Mercier
719	MendèsBourg
720	Vidalboeuf
721	Sainte Raymondnec
722	François-les-Bains
723	Saint Bernadetteboeuf
724	Sainte Françoisenec
725	Carreboeuf
726	Saint Julienboeuf
727	Leclercqnec
728	Delmasnec
729	Sancheznec
730	Lesage
731	Jacques-les-Bains
732	Costa
733	Prévost
734	PetitVille
735	Sainte ArthurVille
736	Hoarau
737	Saint William
738	GayBourg
739	Aubry
740	Leclercq
741	Sainte Audrey
742	Saint Zacharieboeuf
743	Sainte Patricknec
744	Techerdan
745	Bernard
746	Marin
747	Foucherdan
748	Camusboeuf
749	Georges
750	Saint Xavier
751	Jourdan
752	Turpin-sur-Perez
753	Perret-les-Bains
754	Evrard-sur-Parent
755	Devaux-sur-Poirier
756	David-la-Forêt
757	ValentinBourg
758	Nicolas-la-Forêt
759	Leblanc-sur-Weiss
760	Fontaine-les-Bains
761	Aubert-la-Forêt
762	Saint Marthenec
763	Grondin
764	Sainte Henriette-la-Forêt
765	GalletVille
766	Saint Lorraine-sur-Mer
767	Pascal
768	Guibert
769	Saint Aurélie-les-Bains
770	Rocher-sur-Bonnin
771	Navarro-sur-Navarro
772	Brianddan
773	PaulVille
774	Sainte ChristelleBourg
775	Bruneau
776	De SousaBourg
777	Sainte Sébastien-les-Bains
778	Saint WilliamVille
779	Saint Stéphanienec
780	LévyVille
781	Boyernec
782	Mendès
783	Richard
784	Cordier
785	Sainte Corinne
786	Sainte Laurence
787	Saint Henri
788	Louis-la-Forêt
789	Dijoux-les-Bains
790	Merle-sur-Hebert
791	Lefort
792	Ledoux-sur-Baron
793	Klein-les-Bains
794	Le RouxVille
795	Saint Adélaïde-les-Bains
796	Weiss
797	Pages-sur-Bourdon
798	Perez-sur-Royer
799	Morin
800	Saint IsaacBourg
801	Sainte Michel
802	Saint Grégoire
803	Rousset-la-Forêt
804	Dias-sur-Bousquet
805	LemaîtreVille
806	Sainte Bernard-sur-Mer
807	MeunierBourg
808	Delorme
809	Saint Williamboeuf
810	Sainte Constanceboeuf
811	Langloisboeuf
812	Sainte Alphonse
813	Briand-sur-Clerc
814	Rodriguez-la-Forêt
815	Aubry-sur-Cohen
816	Nicolas-sur-Perrin
817	Cordier-sur-Mer
818	Benoitboeuf
819	Sainte MichelVille
820	Saint Alfred-la-Forêt
821	Martins
822	Sainte ThéodoreVille
823	Launay
824	Joubert-sur-Mer
825	Olivier
826	LemonnierVille
827	Lambert
828	Marques-les-Bains
829	Blondeldan
830	CharrierBourg
831	Pierre
832	Boucher
833	Ferreira
834	Sainte Agathedan
835	Moulinboeuf
836	Berthelot-sur-Briand
837	Fontainenec
838	CamusBourg
839	Guillon-sur-Boulay
840	Poulain
841	Neveu-sur-Neveu
842	Georgesdan
843	Sainte Aimédan
844	Saint Martin-les-Bains
845	Sainte Tristannec
846	Saint Zacharie
847	Sainte Capucinenec
848	DavidBourg
849	SimonVille
850	Saint Corinne
851	Bouvier-les-Bains
852	Lefebvre
853	Mathieu
854	Meunier
855	Pichon-sur-Roger
856	Lévêquenec
857	Saint Laetitia
858	Blanc
859	Rolland
860	Legrand
861	Petit-sur-Turpin
862	Bigot-la-Forêt
863	Saint Colette
864	Carlier
865	Muller-sur-Mer
866	Blanchardboeuf
867	Bigotnec
868	Rousseldan
869	Sainte Camille
870	PerezBourg
871	Marin-sur-Perrier
872	Briand
873	Guichard-sur-Mer
874	Renault-sur-Evrard
875	Sainte Vincent
876	Sainte Célina
877	Antoinenec
878	Diallo-sur-Mer
879	Bernard-la-Forêt
880	Wagner-la-Forêt
881	Masse-sur-Mer
882	Sainte Alexandre-sur-Mer
883	Bourdon
884	Pons
885	Masson-la-Forêt
886	Bouchernec
887	Saint Alfred-les-Bains
888	Gimenez
889	Saint Timothée
890	Costedan
891	Chevalliernec
892	Monnier-sur-Roux
893	Saint MarianneBourg
894	RenardBourg
895	MartineauBourg
896	Hamon-les-Bains
897	Boyerboeuf
898	Camus-sur-Morvan
899	Pereira
900	Maillot-sur-Mer
901	Lebon-sur-Mer
902	Saint BernadetteVille
903	Saint TristanVille
904	Saint CécileBourg
905	Blin
906	Saint NoémiVille
907	Kleinnec
908	Saint Renée
909	Vidal
910	Vallet-la-Forêt
911	ReynaudBourg
912	Delmas-sur-Rousseau
913	Rodrigues
914	Fischerboeuf
915	Saint Margaux
916	Saint Rogernec
917	Andre-sur-Dupré
918	Saint Julienec
919	Saint Célina-les-Bains
920	Gaillardnec
921	Leleuboeuf
922	Gilbert
923	Dumont-la-Forêt
924	Saint Michelle
925	Gillet
926	MullerBourg
927	Sainte Augustin-sur-Mer
928	Boyer-sur-Neveu
929	Reynaud
930	Lebondan
931	Jacquot-sur-Chauveau
932	Fernandes-sur-Breton
933	Louisdan
934	MaillardVille
935	Paul
936	Saint ÉdithVille
937	Sainte ÉricBourg
938	Guillaume-sur-Colin
939	Regnier-sur-Albert
940	Weiss-sur-Clerc
941	Gérard-sur-Mer
942	Guillet
943	Joubert
944	Saint Adélaïdeboeuf
945	Saint BenoîtBourg
946	Schmitt-les-Bains
947	Saint Benoît
948	Saint Bertrand
949	MauryVille
950	Sainte Joséphine-la-Forêt
951	Costanec
952	Thomas
953	MunozVille
954	Fouquetnec
955	Sainte Victor-sur-Mer
956	Boulangerdan
957	Collet
958	Garcia
959	Saint Isabelle
960	RaymondVille
961	Sainte Martin
962	Raynaud-sur-Berger
963	Sainte Rolanddan
964	Saint Antoine
965	Renard
966	Noël-sur-Traore
967	Sainte Denise
968	Hernandez-la-Forêt
969	Maillet
970	Cordier-sur-Tanguy
971	Bernier-la-Forêt
972	Buisson-sur-Delorme
973	RouxBourg
974	Fleury
975	Bonneau-la-Forêt
976	Picard
977	Chevallierboeuf
978	Gosselin-la-Forêt
979	Evrarddan
980	De Sousa-la-Forêt
981	Sainte Huguesdan
982	Nguyen
983	Gonzaleznec
984	Lopez-sur-Lévy
985	Saint Joséphine-la-Forêt
986	CarreBourg
987	Saint Capucine-les-Bains
988	Sainte Thierry
989	Laine
990	Saint Gabriel
991	Martineau-les-Bains
992	Lenoir
993	Martinez
994	Charrier
995	Saint Adélaïde
996	Guibert-sur-Gillet
997	Payet-sur-Gallet
998	Saint Bernadette
999	Da Costaboeuf
