0	edouard45@example.org
1	perrinantoine@example.org
2	qcarpentier@example.org
3	pleveque@example.com
4	laurent31@example.org
5	qle-roux@example.com
6	lerouxhugues@example.org
7	martinsemile@example.org
8	suzannebonnin@example.com
9	wagnermarc@example.net
10	echartier@example.com
11	adrien67@example.com
12	ecousin@example.net
13	yves74@example.net
14	lucasmanon@example.com
15	michel68@example.com
16	yroux@example.com
17	bernadette31@example.net
18	yrossi@example.org
19	nathalie37@example.org
20	durandcelina@example.com
21	jourdaneleonore@example.net
22	manon82@example.org
23	alixpoulain@example.org
24	cpotier@example.org
25	marinemunoz@example.net
26	zoeblondel@example.com
27	nblin@example.net
28	zboutin@example.com
29	nath54@example.org
30	dominique23@example.net
31	delannoyodette@example.com
32	cordierzacharie@example.com
33	thibautmaury@example.net
34	isamson@example.com
35	henrietteguillet@example.net
36	jeannegomes@example.com
37	marguerite94@example.net
38	kpierre@example.org
39	thumbert@example.com
40	rogergirard@example.org
41	faivrethierry@example.com
42	bcharpentier@example.net
43	opottier@example.org
44	fcohen@example.org
45	alix64@example.net
46	humbertlucie@example.org
47	sebastienpottier@example.net
48	zoe60@example.org
49	davidtherese@example.org
50	danieljacquet@example.org
51	manonjacob@example.net
52	hervesusan@example.com
53	marcelle17@example.com
54	frederiquetessier@example.com
55	augustin32@example.org
56	mathildebodin@example.org
57	corinneverdier@example.com
58	adrienne45@example.org
59	mauricelegendre@example.net
60	marincelina@example.com
61	margaud54@example.org
62	alexandria84@example.net
63	laurent32@example.net
64	arnaudedupre@example.org
65	richardcohen@example.org
66	guibertthibaut@example.org
67	joubertlorraine@example.com
68	yvesmartel@example.com
69	noel69@example.com
70	danielstephanie@example.com
71	thomasgomez@example.net
72	rousseaumarc@example.net
73	mgilles@example.org
74	ogillet@example.com
75	oleleu@example.net
76	josetterodrigues@example.net
77	laurenttraore@example.net
78	ameliegaudin@example.com
79	qmaury@example.org
80	jacquelinebailly@example.org
81	eleonoregregoire@example.com
82	dos-santosnicole@example.net
83	emmanuellerousseau@example.org
84	thomaseleonore@example.net
85	joseph04@example.org
86	michellemunoz@example.net
87	maggieleroux@example.net
88	umarques@example.net
89	isabellemaillet@example.org
90	benoit58@example.com
91	gabriellamy@example.com
92	piresfranck@example.org
93	claude56@example.org
94	henryclaude@example.org
95	elodie87@example.net
96	aurorerossi@example.com
97	otoussaint@example.com
98	olivier78@example.com
99	adele52@example.net
100	capucine20@example.org
101	mariedelmas@example.com
102	annebigot@example.org
103	jeanneturpin@example.com
104	ymasse@example.net
105	bbourdon@example.net
106	pierredevaux@example.com
107	leclercqcolette@example.org
108	robert73@example.net
109	vlebreton@example.com
110	yandre@example.com
111	julienmarechal@example.com
112	gregoiremenard@example.net
113	alixrenault@example.org
114	victoirebarthelemy@example.org
115	robertrodriguez@example.com
116	costagerard@example.net
117	noelmaurice@example.org
118	nlouis@example.net
119	kdos-santos@example.com
120	rossirobert@example.org
121	udelorme@example.net
122	clemence03@example.com
123	diazhelene@example.com
124	gillesgilbert@example.net
125	texieragnes@example.com
126	marysethibault@example.com
127	nicole08@example.org
128	ethierry@example.org
129	yguibert@example.org
130	helenelenoir@example.net
131	marie76@example.com
132	charlotteledoux@example.org
133	mathieuvalerie@example.com
134	louise67@example.net
135	vfontaine@example.org
136	reybertrand@example.com
137	lucygimenez@example.com
138	gabrielpineau@example.com
139	hmarchal@example.net
140	adelaide61@example.org
141	lelievrelucas@example.com
142	bertrandleblanc@example.net
143	zbarbe@example.org
144	wgarnier@example.net
145	nhardy@example.org
146	rolandguillet@example.org
147	gomesyves@example.org
148	penelopeseguin@example.com
149	bernardvictoire@example.net
150	andree73@example.net
151	obonnin@example.org
152	vrossi@example.net
153	lgodard@example.org
154	margueritecollin@example.com
155	marthelejeune@example.org
156	gabrielle99@example.net
157	lemairechristiane@example.org
158	broyer@example.com
159	gomesgilles@example.net
160	ogimenez@example.net
161	danielleon@example.com
162	ecolas@example.org
163	bernard98@example.com
164	danieldufour@example.net
165	sylvieroux@example.org
166	wadam@example.net
167	marianne94@example.com
168	ygeorges@example.net
169	sabine96@example.com
170	margaretgillet@example.com
171	ubigot@example.org
172	hdaniel@example.net
173	bergernathalie@example.net
174	jeanne85@example.net
175	rweber@example.org
176	malletvincent@example.com
177	fmartins@example.net
178	brunlucy@example.org
179	adelebriand@example.net
180	alexandre98@example.com
181	celina08@example.org
182	ceciledupuy@example.net
183	traoresusanne@example.org
184	capucinemorin@example.net
185	ocoulon@example.org
186	alaporte@example.org
187	carpentiertristan@example.net
188	helene65@example.org
189	germaindavid@example.net
190	voisinemilie@example.org
191	boyereric@example.net
192	clercalain@example.com
193	robertfaure@example.com
194	marie45@example.net
195	philippine16@example.com
196	julie26@example.com
197	lucvalette@example.com
198	tbriand@example.org
199	julie59@example.com
200	celineblot@example.net
201	schmitttherese@example.net
202	astrid91@example.com
203	thibaultluc@example.net
204	kdescamps@example.org
205	julien15@example.net
206	sauvagejuliette@example.net
207	suzanne12@example.com
208	erichebert@example.com
209	benoit34@example.org
210	sebastienweber@example.com
211	payetnicolas@example.com
212	clercisabelle@example.com
213	pelletiersabine@example.net
214	alixschmitt@example.com
215	alexandriacolin@example.com
216	rousselalexandria@example.com
217	anastasie24@example.org
218	timotheeallard@example.com
219	bernardmonique@example.com
220	prenault@example.com
221	alphonserichard@example.org
222	noemitecher@example.org
223	suzannemartin@example.net
224	rpelletier@example.net
225	seguingenevieve@example.com
226	henri29@example.org
227	gregoiresophie@example.org
228	fontainetherese@example.org
229	berthelotjacques@example.net
230	sbaron@example.net
231	valentinephilippe@example.com
232	laurence36@example.com
233	alphonse90@example.com
234	daniel84@example.net
235	leclercqmatthieu@example.org
236	agathefaivre@example.org
237	renee61@example.org
238	gilles78@example.net
239	astrid64@example.org
240	augernicole@example.com
241	levequevictor@example.com
242	bourdonnathalie@example.org
243	ujacob@example.net
244	morenolucy@example.com
245	anastasie16@example.com
246	ydufour@example.org
247	bessonalexandrie@example.net
248	mariehebert@example.net
249	alvesnoel@example.com
250	paulettegarnier@example.org
251	jacques40@example.org
252	rperrin@example.com
253	verdiermarcel@example.com
254	olemaitre@example.com
255	gerard90@example.org
256	nathaliepeltier@example.org
257	gerardferrand@example.org
258	juliendenis@example.org
259	joubertpaulette@example.org
260	atanguy@example.org
261	delmassylvie@example.com
262	dbourgeois@example.com
263	margaux64@example.net
264	franck02@example.org
265	mathieuyves@example.net
266	clementines@example.net
267	fcarre@example.com
268	celine08@example.org
269	wlemaitre@example.net
270	catherinemary@example.com
271	aurelie22@example.net
272	boulangerhenriette@example.org
273	cordiermichel@example.org
274	hugues44@example.net
275	mnoel@example.org
276	frederic16@example.org
277	christine38@example.com
278	honore93@example.com
279	emmanuelleleu@example.com
280	chantal80@example.com
281	tcolin@example.org
282	aimee38@example.org
283	polivier@example.com
284	bertrandbonnin@example.org
285	de-sousahelene@example.com
286	mariannegauthier@example.net
287	acoste@example.com
288	da-costaclemence@example.org
289	boucherdominique@example.com
290	jerome24@example.net
291	benoitpetitjean@example.org
292	antoinetteregnier@example.net
293	lorraine05@example.org
294	adelaideperrin@example.org
295	thereserousseau@example.net
296	emmanuelweber@example.net
297	martinlebreton@example.org
298	nbesson@example.net
299	fhoarau@example.org
300	olombard@example.com
301	zbazin@example.net
302	dblondel@example.org
303	josette15@example.org
304	fgosselin@example.com
305	de-sousamaggie@example.com
306	victorgillet@example.net
307	gimenezines@example.com
308	benoitpires@example.net
309	durandlaurent@example.org
310	benoitlanglois@example.net
311	yduhamel@example.com
312	schmittchristine@example.org
313	odettedijoux@example.org
314	daniellebrunet@example.org
315	davidcousin@example.org
316	davidelisabeth@example.net
317	ibarthelemy@example.com
318	alix29@example.org
319	wparis@example.org
320	bdubois@example.org
321	xthomas@example.com
322	lperrot@example.com
323	olivierguibert@example.com
324	wagnerarthur@example.com
325	valeriegimenez@example.net
326	charles64@example.com
327	susanne29@example.com
328	jerome81@example.net
329	aimebourdon@example.com
330	arthur76@example.com
331	denisbrigitte@example.org
332	matthieulacombe@example.net
333	ularoche@example.com
334	gbegue@example.com
335	lejeunefrederic@example.com
336	rogerbenoit@example.org
337	vlagarde@example.org
338	frederic26@example.com
339	bourdonmargot@example.com
340	dtecher@example.org
341	zloiseau@example.com
342	eleonore69@example.com
343	audrey92@example.net
344	colettelegros@example.org
345	zimbert@example.org
346	lucieguillou@example.net
347	tlesage@example.com
348	antoinetterolland@example.org
349	qbazin@example.com
350	dmercier@example.com
351	patriciacollet@example.net
352	alex18@example.org
353	cledoux@example.net
354	mathilde86@example.org
355	bpineau@example.org
356	marcmerle@example.org
357	rossilucas@example.com
358	davidfabre@example.org
359	delormepaul@example.com
360	imarie@example.com
361	petitaudrey@example.net
362	dferreira@example.net
363	adrienleveque@example.net
364	reneechartier@example.net
365	dominique79@example.net
366	xcollet@example.org
367	simonedenis@example.com
368	augustin25@example.net
369	blancmichele@example.net
370	stephanie05@example.net
371	juliettebertin@example.com
372	zachariebazin@example.org
373	margaud92@example.com
374	buissonmarine@example.org
375	andre82@example.org
376	mauryelodie@example.org
377	patrick39@example.org
378	morinbrigitte@example.com
379	vdufour@example.com
380	lucie98@example.net
381	rperrier@example.net
382	jvincent@example.com
383	suzannecousin@example.net
384	vincent56@example.com
385	choareau@example.com
386	laurence34@example.com
387	martymadeleine@example.org
388	marcelle85@example.org
389	michelarnaude@example.org
390	thibautmenard@example.com
391	simone96@example.com
392	tcharpentier@example.org
393	legroslucas@example.org
394	charpentierlaurent@example.org
395	genevieve57@example.net
396	perretmarie@example.com
397	honore32@example.com
398	nle-gall@example.net
399	costamanon@example.com
400	lucboutin@example.com
401	stephanie41@example.org
402	antoinelombard@example.net
403	richardledoux@example.net
404	dbegue@example.net
405	bourgeoismargaud@example.com
406	constance00@example.org
407	richardzacharie@example.org
408	diazcharlotte@example.org
409	rene65@example.net
410	lesagejerome@example.com
411	denise71@example.net
412	wchevalier@example.com
413	payetalix@example.net
414	margaudbesnard@example.org
415	martinmunoz@example.org
416	nbruneau@example.net
417	alexandrie88@example.net
418	carolineremy@example.com
419	mathieuceline@example.org
420	nathbesson@example.net
421	laurencemartel@example.org
422	marctoussaint@example.com
423	cleduc@example.org
424	patricia15@example.net
425	emmanuelcarre@example.net
426	levymathilde@example.com
427	cduval@example.com
428	fthierry@example.org
429	ndupuy@example.com
430	celinavasseur@example.org
431	anouklambert@example.net
432	nathalieguilbert@example.com
433	capucinehardy@example.org
434	dominiquebesson@example.org
435	sroche@example.org
436	christellerobert@example.net
437	henriette99@example.net
438	levymatthieu@example.com
439	charlesgabrielle@example.net
440	blanchetmartine@example.net
441	olivielaurent@example.net
442	margot92@example.org
443	mpinto@example.com
444	dpayet@example.net
445	margotgilles@example.com
446	bjean@example.com
447	odettebriand@example.net
448	pauline54@example.net
449	dbegue@example.org
450	gomezeric@example.com
451	josetteneveu@example.org
452	lefebvreguillaume@example.org
453	luciegaillard@example.com
454	isaaccaron@example.com
455	noemi08@example.com
456	aimee59@example.org
457	denislemoine@example.org
458	aimee15@example.org
459	xherve@example.net
460	michelfischer@example.com
461	margaretraynaud@example.com
462	constancerey@example.com
463	alexandria62@example.com
464	camille64@example.org
465	martheguyot@example.com
466	valentinehubert@example.org
467	maggiegrenier@example.org
468	royrobert@example.net
469	celinanoel@example.com
470	brunetgilles@example.org
471	odettefaivre@example.net
472	ppicard@example.com
473	hoareauchristine@example.com
474	gayisabelle@example.org
475	nicoleprevost@example.net
476	eleonoredelannoy@example.net
477	frederique45@example.org
478	schmittcaroline@example.com
479	barbierandree@example.net
480	maggieleclerc@example.net
481	guillonjean@example.net
482	elisabethguyot@example.net
483	acarre@example.org
484	daniellesage@example.com
485	henriette58@example.com
486	marcelchretien@example.com
487	josephdelahaye@example.org
488	mercierlorraine@example.com
489	jeanninetorres@example.com
490	vidalnath@example.com
491	nicolebazin@example.org
492	pgiraud@example.net
493	alice88@example.com
494	jolymargot@example.org
495	rogerpons@example.org
496	lucie66@example.com
497	laurent92@example.org
498	faivregeorges@example.org
499	virginie17@example.net
500	tvincent@example.net
501	alexandriarey@example.com
502	turpinzoe@example.com
503	agatheperret@example.com
504	juliele-goff@example.com
505	jlombard@example.com
506	rmichaud@example.net
507	michel92@example.com
508	moniquemarchal@example.com
509	oliviecollet@example.com
510	gilberttherese@example.net
511	delormeelisabeth@example.net
512	gabrielle37@example.net
513	jfernandes@example.org
514	uclerc@example.com
515	benjamin40@example.net
516	xweber@example.net
517	lecoqthomas@example.net
518	josephineadam@example.net
519	laurence84@example.com
520	tgarcia@example.com
521	remybodin@example.net
522	mjulien@example.com
523	delmassebastien@example.org
524	martinezfrancoise@example.net
525	marcboulay@example.org
526	bguillaume@example.com
527	martheguillaume@example.org
528	bertrand95@example.com
529	vmenard@example.com
530	laurencetraore@example.org
531	matthieuda-costa@example.org
532	christine25@example.org
533	francoisstephane@example.com
534	chantaldelahaye@example.net
535	navarromarcelle@example.org
536	guibertnicole@example.com
537	vaillantluc@example.net
538	ddidier@example.net
539	dpereira@example.net
540	adrienne39@example.org
541	andrearnaude@example.com
542	tledoux@example.com
543	emilielemaire@example.com
544	turpinmaryse@example.org
545	arnaude41@example.net
546	qlemaire@example.net
547	adriennegaillard@example.org
548	madeleine01@example.com
549	zlesage@example.org
550	qalexandre@example.org
551	jeanne66@example.net
552	anouk44@example.org
553	alphonse60@example.com
554	suzannehenry@example.org
555	christiane99@example.com
556	lacombecapucine@example.org
557	agnescharles@example.org
558	yves72@example.org
559	suzanneteixeira@example.org
560	margaux24@example.org
561	andree54@example.org
562	ponsfrederique@example.org
563	duhameltimothee@example.org
564	marthecordier@example.org
565	djourdan@example.com
566	thibault77@example.com
567	rribeiro@example.com
568	dchauvet@example.net
569	vgauthier@example.org
570	michelemunoz@example.org
571	costecharlotte@example.com
572	patrickbaron@example.net
573	isabelleaubert@example.com
574	lucypeltier@example.net
575	philippine78@example.net
576	ncolas@example.org
577	remyjoubert@example.net
578	gregoirejules@example.com
579	diassusanne@example.net
580	xbertin@example.com
581	martineda-costa@example.net
582	ifrancois@example.net
583	olivierbernadette@example.com
584	legendremadeleine@example.com
585	shardy@example.com
586	dupuisjulien@example.com
587	celinede-sousa@example.org
588	qcoulon@example.com
589	nguyenlouise@example.org
590	dberthelot@example.org
591	clemence25@example.com
592	boulayalain@example.net
593	marianne43@example.org
594	arthur90@example.com
595	alfrednormand@example.org
596	anoukgay@example.net
597	merlethibaut@example.com
598	kleinelisabeth@example.com
599	arthurpaul@example.com
600	hfrancois@example.com
601	louise16@example.org
602	oteixeira@example.com
603	adrien22@example.org
604	claudinebigot@example.net
605	qfaivre@example.com
606	mmaillot@example.com
607	anastasie75@example.com
608	grousseau@example.com
609	marcel29@example.com
610	bazinalix@example.org
611	thibault86@example.net
612	madeleinebourdon@example.net
613	alice08@example.com
614	anastasiegillet@example.net
615	blanchetvictoire@example.org
616	luc39@example.com
617	bonninclaude@example.org
618	uaubert@example.net
619	paulette55@example.org
620	rochersusan@example.net
621	otessier@example.org
622	henriette47@example.net
623	pelletierlaurent@example.org
624	lorraineleclercq@example.net
625	frederique35@example.net
626	chauveauvalerie@example.net
627	aurelierodrigues@example.com
628	kneveu@example.net
629	pnavarro@example.com
630	clemence67@example.com
631	kpaul@example.net
632	carpentierhenri@example.com
633	bouvierchristelle@example.org
634	hortense37@example.net
635	ggautier@example.net
636	jherve@example.org
637	schmittwilliam@example.org
638	lemairestephanie@example.com
639	mlevy@example.net
640	michaudvalerie@example.org
641	xmenard@example.org
642	simone05@example.com
643	anouk04@example.net
644	seguinmathilde@example.com
645	morvaneugene@example.org
646	rlouis@example.com
647	jeanninemerle@example.com
648	claudinepotier@example.org
649	adrienneriou@example.com
650	kdupre@example.com
651	kklein@example.org
652	chantal50@example.org
653	barrejules@example.net
654	lucy04@example.net
655	royerjules@example.org
656	victor10@example.org
657	bernardelise@example.net
658	michel02@example.org
659	trousset@example.com
660	clemaitre@example.org
661	bernard36@example.org
662	kleinines@example.org
663	williamhamon@example.org
664	wgaudin@example.net
665	antoinette45@example.net
666	launayalphonse@example.net
667	aclerc@example.org
668	helene47@example.net
669	perrinlucie@example.net
670	vcoste@example.org
671	emilebesnard@example.org
672	emile43@example.org
673	mathilde13@example.org
674	jean31@example.com
675	marie02@example.com
676	aurelie51@example.com
677	julienmonnier@example.com
678	louistessier@example.com
679	remybenjamin@example.com
680	michaudyves@example.org
681	ggeorges@example.net
682	ribeirolouis@example.com
683	agnes11@example.com
684	marguerite76@example.org
685	helene86@example.com
686	diazoceane@example.net
687	fpascal@example.org
688	aimee95@example.com
689	christianele-roux@example.net
690	aime87@example.org
691	martinlemoine@example.org
692	tristan65@example.com
693	bernierfrederic@example.com
694	chevalliercapucine@example.com
695	hdavid@example.com
696	duboisalexandria@example.com
697	simonegrenier@example.org
698	bodincelina@example.com
699	thierrymarchal@example.com
700	lombardmaurice@example.com
701	susannemathieu@example.com
702	inespichon@example.org
703	aleveque@example.com
704	charles19@example.net
705	matthieu51@example.com
706	sebastienlegrand@example.net
707	turpinelodie@example.com
708	valerie00@example.com
709	anais71@example.net
710	nathjoubert@example.org
711	danielle76@example.com
712	gmartel@example.net
713	sgosselin@example.org
714	omarin@example.com
715	susanneroger@example.com
716	robinjuliette@example.com
717	bgomes@example.com
718	beckeremilie@example.com
719	henrietterenault@example.net
720	pelletiervincent@example.org
721	celina27@example.com
722	xguillet@example.org
723	loiseauvincent@example.net
724	regnieradrien@example.net
725	lucas84@example.com
726	gabrielparis@example.org
727	thierrybourdon@example.org
728	hbarbe@example.com
729	leon64@example.com
730	rochealfred@example.org
731	benoitmonnier@example.net
732	gilles02@example.com
733	daniel33@example.org
734	lcordier@example.com
735	jpasquier@example.net
736	hameljulie@example.com
737	barresebastien@example.org
738	mariannechretien@example.net
739	cohenisaac@example.org
740	julien61@example.com
741	joseph70@example.com
742	wmorvan@example.com
743	louis17@example.com
744	sebastienlagarde@example.net
745	rlebon@example.net
746	emilejacquot@example.org
747	glefebvre@example.org
748	augustin12@example.com
749	leleuvincent@example.net
750	petitnoemi@example.org
751	andree72@example.net
752	pmeyer@example.org
753	reneegiraud@example.org
754	jules74@example.org
755	delaunaysimone@example.com
756	lecontepaul@example.com
757	ybarthelemy@example.com
758	bouvierwilliam@example.net
759	xavier10@example.org
760	robertroger@example.net
761	adeschamps@example.net
762	dupretheophile@example.org
763	oceaneboulay@example.org
764	julielegros@example.org
765	celinameunier@example.com
766	aleximbert@example.net
767	veronique26@example.com
768	renehuet@example.com
769	barbiermichelle@example.com
770	rle-goff@example.org
771	rouxvincent@example.net
772	constance71@example.org
773	langloisaugustin@example.org
774	neveulucas@example.com
775	clebon@example.net
776	lucas92@example.com
777	claudinegilles@example.net
778	martinezfrancois@example.net
779	eleonore02@example.net
780	guillounathalie@example.org
781	henryemilie@example.com
782	francoislucie@example.org
783	capucine34@example.com
784	josephallain@example.net
785	pvalentin@example.net
786	mgerard@example.org
787	christine28@example.org
788	pleroy@example.com
789	xmerle@example.net
790	pereiravalerie@example.net
791	barremathilde@example.net
792	daniel20@example.org
793	williamrichard@example.net
794	benoitdubois@example.org
795	louisetienne@example.net
796	gonzalezemmanuel@example.com
797	georges94@example.net
798	jules48@example.com
799	aboulanger@example.net
800	jacquesmichelle@example.com
801	bigotvictor@example.net
802	frederiqueboulanger@example.net
803	sguichard@example.org
804	beckerodette@example.com
805	gregoire00@example.net
806	draymond@example.org
807	martin99@example.org
808	kbrun@example.org
809	roland97@example.net
810	boulayisaac@example.org
811	isaac36@example.net
812	hoarauaimee@example.net
813	traorelaurent@example.com
814	alexandrieauger@example.net
815	voisindenise@example.com
816	remy41@example.org
817	otanguy@example.com
818	gilbert29@example.net
819	jroux@example.org
820	philippelamy@example.net
821	lucy22@example.com
822	xcharrier@example.com
823	stephanie78@example.net
824	uclerc@example.org
825	buissonlorraine@example.net
826	dregnier@example.com
827	cohenhugues@example.com
828	mchevallier@example.net
829	sabinenguyen@example.com
830	astridraymond@example.org
831	marine41@example.net
832	josephinebertin@example.com
833	elisabeth11@example.net
834	pichonnicole@example.net
835	zoemartinez@example.com
836	michelle38@example.net
837	pierregabriel@example.com
838	carliermargot@example.net
839	josephmaillot@example.com
840	nicole59@example.com
841	antoinefouquet@example.com
842	morvangenevieve@example.org
843	madeleine52@example.org
844	jeanne64@example.net
845	nathaliebonnet@example.net
846	gaydenis@example.net
847	marianneriou@example.org
848	adelaide14@example.org
849	rlaunay@example.com
850	fdos-santos@example.org
851	lambertauguste@example.net
852	ubourgeois@example.net
853	camillebuisson@example.net
854	nicole49@example.net
855	lefebvrelouise@example.com
856	josetteraymond@example.net
857	franck19@example.net
858	xbertrand@example.net
859	laetitiafernandez@example.org
860	prevostelisabeth@example.net
861	veroniquelacroix@example.net
862	faivremargaux@example.com
863	margot73@example.net
864	henriette83@example.com
865	alexandrie71@example.com
866	pruvostnicolas@example.org
867	louis04@example.org
868	ablin@example.com
869	honorebertrand@example.com
870	prevostmadeleine@example.net
871	zhoareau@example.com
872	corinneribeiro@example.net
873	alfred94@example.org
874	camusalexandria@example.com
875	rolanddos-santos@example.com
876	pineaueleonore@example.org
877	jolytimothee@example.net
878	denise83@example.org
879	rtanguy@example.org
880	olivie84@example.net
881	roland15@example.com
882	huguesdos-santos@example.org
883	wperrin@example.com
884	wboucher@example.com
885	denise44@example.com
886	luce16@example.org
887	gaillardantoinette@example.com
888	veronique88@example.org
889	omarchand@example.net
890	joseph94@example.net
891	thomasmargaud@example.net
892	juliediallo@example.net
893	duprefrederic@example.net
894	honoremaury@example.com
895	uleroy@example.net
896	lucas40@example.net
897	aimee14@example.com
898	henrilejeune@example.org
899	dufourelodie@example.com
900	rioucelina@example.net
901	blinmartine@example.com
902	laurenceadam@example.org
903	yphilippe@example.org
904	rossiisaac@example.net
905	theophile62@example.com
906	lopestheophile@example.com
907	vincentseguin@example.net
908	ines29@example.org
909	zoetanguy@example.org
910	xroyer@example.net
911	amarie@example.com
912	guyotastrid@example.org
913	gilbertceline@example.net
914	bhamon@example.org
915	michelle94@example.net
916	ujacques@example.org
917	xrousseau@example.net
918	benoitparent@example.com
919	utorres@example.org
920	bdiaz@example.org
921	rgay@example.org
922	amelie98@example.org
923	psimon@example.org
924	bertrand30@example.net
925	dorotheeperez@example.net
926	kfischer@example.org
927	henrietterossi@example.net
928	matthieu45@example.net
929	anastasiepineau@example.org
930	wbernier@example.org
931	evasseur@example.com
932	alexandriahuet@example.org
933	nathalie51@example.org
934	courtoislouis@example.net
935	ygosselin@example.org
936	marieaubry@example.org
937	qgillet@example.net
938	alexandriadias@example.com
939	colletamelie@example.org
940	aime30@example.org
941	hturpin@example.com
942	neveumargaret@example.org
943	aurelie86@example.net
944	webercorinne@example.org
945	delahayejacques@example.com
946	marchandodette@example.net
947	opeltier@example.net
948	francoiselejeune@example.net
949	isaac03@example.org
950	bergeralix@example.com
951	matthieurossi@example.com
952	thomas24@example.org
953	iperez@example.com
954	cbailly@example.net
955	bernardleger@example.org
956	aimedubois@example.org
957	rgaillard@example.net
958	icosta@example.net
959	michelleduval@example.net
960	hgallet@example.com
961	lelievredorothee@example.com
962	laurentlaurent@example.net
963	mblot@example.com
964	wblot@example.com
965	clejeune@example.net
966	benjamin88@example.com
967	iruiz@example.com
968	stephanieda-costa@example.com
969	andretorres@example.net
970	galletmarine@example.com
971	mendesfrancois@example.org
972	jeanallain@example.com
973	margaudprevost@example.org
974	mvalette@example.com
975	xleroux@example.org
976	marysede-sousa@example.org
977	jerome11@example.net
978	martinelise@example.com
979	uferreira@example.net
980	marine87@example.org
981	elisabethlambert@example.net
982	llecomte@example.com
983	mrodrigues@example.com
984	guilbertsophie@example.net
985	gilbertbaron@example.org
986	agathedumont@example.net
987	chauveaumarcel@example.com
988	xleleu@example.net
989	margaud95@example.com
990	cbertrand@example.org
991	colette28@example.net
992	luce99@example.com
993	williamneveu@example.net
994	marieteixeira@example.org
995	brigitte61@example.net
996	peronemilie@example.net
997	alexandre46@example.org
998	cbouvet@example.org
999	ogregoire@example.com
