0	Anne
1	Danielle
2	Maryse
3	Jean
4	Agnès
5	Isabelle
6	Luc
7	Capucine
8	Gilles
9	Thierry
10	Daniel
11	Audrey
12	Pierre
13	Emmanuelle
14	Chantal
15	Éric
16	Alexandria
17	Charles
18	William
19	Yves
20	Isaac
21	Colette
22	Benoît
23	Christelle
24	Virginie
25	Clémence
26	Manon
27	Adrienne
28	Marianne
29	Guillaume
30	Juliette
31	Tristan
32	Frédéric
33	Thibaut
34	Laure
35	Joseph
36	Suzanne
37	Michèle
38	Étienne
39	Thomas
40	Antoine
41	Michel
42	Martine
43	Raymond
44	Philippine
45	Zacharie
46	Laetitia
47	Odette
48	Adèle
49	Jeannine
50	Anouk
51	Valérie
52	Dorothée
53	Gabriel
54	Catherine
55	René
56	Alexandre
57	Claire
58	Adrien
59	Amélie
60	Susan
61	Élodie
62	Christiane
63	Arthur
64	Véronique
65	Julie
66	Grégoire
67	Marcelle
68	Marthe
69	Aimée
70	Édith
71	Margot
72	Céline
73	Alice
74	Marie
75	Élisabeth
76	Alfred
77	Renée
78	Vincent
79	Théodore
80	Geneviève
81	Joséphine
82	Laurent
83	Robert
84	Martin
85	Victor
86	Auguste
87	Christophe
88	Monique
89	Jacques
90	Madeleine
91	Nicolas
92	Thibault
93	Bernard
94	Constance
95	Gabrielle
96	Stéphanie
97	Jules
98	Caroline
99	Xavier
100	Philippe
101	Antoinette
102	Denise
103	Roland
104	Marguerite
105	Olivie
106	Diane
107	Margaret
108	André
109	Margaud
110	Nathalie
111	Nicole
112	Hortense
113	Julien
114	Sylvie
115	Paulette
116	Lucas
117	Inès
118	Maggie
119	Alexandrie
120	Marcel
121	Émile
122	Théophile
123	Françoise
124	Sébastien
125	Olivier
126	Henri
127	Timothée
128	Anaïs
129	Michelle
130	Louise
131	Édouard
132	Laurence
133	Alphonse
134	Gilbert
135	Sabine
136	Cécile
137	Camille
138	Honoré
139	Paul
140	Pauline
141	Pénélope
142	Zoé
143	Léon
144	Franck
145	Simone
146	Bernadette
147	Agathe
148	Frédérique
149	Rémy
150	Susanne
151	Alain
152	Anastasie
153	Maurice
154	Mathilde
155	Georges
156	Lorraine
157	Éléonore
158	Claude
159	Aimé
160	Marine
161	Luce
162	Thérèse
163	Margaux
164	Aurélie
165	Patrick
166	Roger
167	Brigitte
168	Noémi
169	Gérard
170	Andrée
171	Émilie
172	Lucy
173	Charlotte
174	Jérôme
175	Stéphane
176	Hélène
177	Denis
178	Corinne
179	Élise
180	Marc
181	Hugues
182	François
183	Josette
184	Louis
185	David
186	Matthieu
187	Christine
188	Lucie
189	Emmanuel
190	Benjamin
191	Victoire
192	Astrid
193	Eugène
194	Patricia
195	Aurore
196	Célina
197	Richard
198	Jeanne
199	Dominique
200	Jacqueline
201	Valentine
202	Guy
203	Adélaïde
204	Sophie
205	Océane
206	Noël
207	Alex
208	Henriette
209	Augustin
210	Alix
211	Nath
212	Bertrand
213	Claudine
214	Arnaude
