0	Parent
1	Godard
2	Thomas
3	Barthelemy
4	Charles
5	Delattre
6	Bouvier
7	Perret
8	Ruiz
9	Clément
10	Devaux
11	Bernard
12	Arnaud
13	Tanguy
14	Bourgeois
15	Fischer
16	Chevallier
17	Le Gall
18	Bonneau
19	Munoz
20	Hardy
21	Lefort
22	Potier
23	Lecoq
24	Auger
25	Grégoire
26	Becker
27	Diallo
28	Teixeira
29	Chauvet
30	Leblanc
31	Jacquot
32	Olivier
33	Buisson
34	Collet
35	Marchand
36	Louis
37	Marques
38	Goncalves
39	Guillou
40	Boulanger
41	Dumas
42	Antoine
43	Lemaître
44	Menard
45	Bailly
46	Lemonnier
47	Roche
48	Clerc
49	Philippe
50	Lenoir
51	Raymond
52	Bousquet
53	Valette
54	Seguin
55	Lopes
56	Guillon
57	Labbé
58	Allain
59	Chevalier
60	Noël
61	Poulain
62	Moreau
63	Roger
64	Roy
65	Perrot
66	Costa
67	Sanchez
68	Marie
69	Guichard
70	Garnier
71	Peron
72	Benoit
73	Dubois
74	Besson
75	Marchal
76	Bertrand
77	Guyon
78	Robert
79	Tessier
80	Faivre
81	Letellier
82	Gosselin
83	Mahe
84	Morin
85	Martel
86	Legros
87	Adam
88	Traore
89	Albert
90	Renault
91	Leduc
92	Roux
93	Gomez
94	Couturier
95	Lagarde
96	Colas
97	Pierre
98	Leroux
99	Berger
100	Baron
101	Gallet
102	Courtois
103	Langlois
104	Jourdan
105	Lefebvre
106	Dias
107	Nicolas
108	Da Costa
109	Lemoine
110	Blanchard
111	Bonnet
112	Maury
113	Gay
114	Delorme
115	Gaudin
116	Millet
117	Le Roux
118	Gonzalez
119	Masse
120	Moulin
121	Breton
122	Michel
123	Ollivier
124	Neveu
125	Gillet
126	Besnard
127	Rémy
128	Perrier
129	Wagner
130	Delahaye
131	Petitjean
132	Martins
133	Gomes
134	Pottier
135	Hebert
136	Evrard
137	Richard
138	Pichon
139	Toussaint
140	Faure
141	Coste
142	Vallée
143	Leclerc
144	Lefèvre
145	Bodin
146	Boyer
147	Gérard
148	Charpentier
149	Regnier
150	Lejeune
151	Gaillard
152	Delmas
153	Rodrigues
154	Mendès
155	Lopez
156	Germain
157	Blin
158	Chrétien
159	Simon
160	Monnier
161	Jean
162	Lévêque
163	Morel
164	Meyer
165	Chauvin
166	Humbert
167	Rousset
168	Texier
169	Ferrand
170	Martinez
171	Julien
172	Carre
173	Moreno
174	Cousin
175	Bègue
176	Lesage
177	Paul
178	Muller
179	Fleury
180	Laroche
181	Vaillant
182	Gros
183	Petit
184	Launay
185	Weber
186	Lacombe
187	Fontaine
188	Gilles
189	Barbe
190	Vincent
191	Reynaud
192	Lebrun
193	Fernandes
194	Da Silva
195	Bouchet
196	Rousseau
197	Pages
198	Rivière
199	Hamel
200	Duval
201	Pelletier
202	Brunet
203	Schmitt
204	Barre
205	Maillot
206	Meunier
207	Briand
208	Vasseur
209	Bonnin
210	Thierry
211	Guillaume
212	Imbert
213	Lecomte
214	Bruneau
215	Diaz
216	Ledoux
217	Camus
218	Perrin
219	Colin
220	Klein
221	Martineau
222	Pinto
223	Guérin
224	Dupont
225	Alexandre
226	Ferreira
227	Lemaire
228	Leroy
229	Benard
230	Denis
231	Peltier
232	Rocher
233	Léger
234	Dijoux
235	Étienne
236	Ramos
237	Descamps
238	Raynaud
239	Caron
240	Samson
241	Renaud
242	Rolland
243	Fernandez
244	Morvan
245	Pineau
246	Hoareau
247	Loiseau
248	Delaunay
249	Poirier
250	Aubert
251	Rossi
252	Legendre
253	Riou
254	Blondel
255	Mathieu
256	Dupuy
257	Blanc
258	Laurent
259	Jacob
260	Pascal
261	Marty
262	Joubert
263	Laine
264	Mace
265	Durand
266	Laporte
267	Gilbert
268	Bernier
269	Valentin
270	Blot
271	Lacroix
272	Vallet
273	Charrier
274	Hamon
275	Nguyen
276	Fabre
277	Gimenez
278	Paris
279	Marin
280	Giraud
281	Alves
282	Royer
283	Mary
284	Huet
285	Foucher
286	Hubert
287	Roussel
288	Henry
289	Cordier
290	Duhamel
291	Maillard
292	Lucas
293	Bouvet
294	Dufour
295	Dos Santos
296	Bourdon
297	Maurice
298	Fouquet
299	Salmon
300	Lambert
301	Boulay
302	Mallet
303	Hernandez
304	Jacques
305	Picard
306	Navarro
307	Sauvage
308	Joseph
309	Maréchal
310	Gauthier
311	Verdier
312	Allard
313	Pereira
314	Maillet
315	Normand
316	Le Goff
317	Weiss
318	Dupré
319	Lévy
320	Hervé
321	Pires
322	Guilbert
323	Rodriguez
324	Mercier
325	Guibert
326	Prévost
327	Michaud
328	Martin
329	Legrand
330	Fournier
331	Hoarau
332	Joly
333	Masson
334	Guyot
335	Rey
336	Blanchet
337	Brun
338	Turpin
339	Guillot
340	Bazin
341	Lombard
342	Coulon
343	François
344	Thibault
345	De Oliveira
346	Grondin
347	Lamy
348	Aubry
349	Gautier
350	Cohen
351	Leleu
352	Pons
353	Leconte
354	Schneider
355	Guillet
356	Barbier
357	Baudry
358	Brunel
359	Delannoy
360	Dupuis
361	Bertin
362	Pasquier
363	Girard
364	Leclercq
365	Renard
366	Deschamps
367	Vidal
368	Robin
369	Lelièvre
370	Chartier
371	David
372	De Sousa
373	Georges
374	Berthelot
375	Pruvost
376	Payet
377	Boutin
378	Didier
379	Carlier
380	Marion
381	Grenier
382	Jacquet
383	Merle
384	Techer
385	Chauveau
386	Ribeiro
387	Garcia
388	Collin
389	Dumont
390	Bigot
391	Perez
392	Torres
393	Lebreton
394	Lebon
395	Boucher
396	Voisin
397	Carpentier
398	Daniel
399	Andre
